[12656:840:0526/101135.601:VERBOSE1:components\enterprise\browser\controller\chrome_browser_cloud_management_controller.cc:121] DM token = empty
[12656:840:0526/101135.601:VERBOSE1:components\enterprise\browser\controller\chrome_browser_cloud_management_controller.cc:127] Enrollment token = 
[12656:840:0526/101135.601:VERBOSE1:components\enterprise\browser\controller\chrome_browser_cloud_management_controller.cc:128] Client ID = ef1c9282-1a82-44fa-98f1-73244eed4aea
[12656:840:0526/101135.605:VERBOSE1:components\variations\service\variations_field_trial_creator.cc:77] VariationsSeedUsage:2
[12656:840:0526/101135.606:VERBOSE1:components\variations\service\variations_field_trial_creator.cc:374] VariationsSetupComplete
[12656:840:0526/101135.684:VERBOSE1:chrome\browser\media\webrtc\webrtc_event_log_manager.cc:122] WebRTC remote-bound event logging enabled.
[12656:840:0526/101135.685:VERBOSE1:components\proxy_config\pref_proxy_config_tracker_impl.cc:462] 0x1e6c00104680: set chrome proxy config service to 0x1e6c0015c1c0
[12656:840:0526/101135.693:VERBOSE1:components\device_event_log\device_event_log_impl.cc:204] [10:11:35.688] Display: EVENT: screen_win.cc:1092 Displays updated, count: 1
[12656:840:0526/101135.693:VERBOSE1:components\device_event_log\device_event_log_impl.cc:204] [10:11:35.694] Display: EVENT: screen_win.cc:1094 Display[1] bounds=[0,0 800x600], workarea=[0,0 800x600], scale=1, rotation=0, panel_rotation=0 external detected
[12656:840:0526/101135.738:VERBOSE1:components\enterprise\browser\controller\chrome_browser_cloud_management_controller.cc:210] Starting CBCM Controller Initialization
[12656:840:0526/101135.738:INFO:components\enterprise\browser\controller\chrome_browser_cloud_management_controller.cc:238] No machine level policy manager exists.
[12656:840:0526/101135.738:VERBOSE1:chrome\installer\util\install_util.cc:218] Existing Chrome version found: 148.0.7778.179
[12656:840:0526/101135.741:VERBOSE1:chrome\browser\enterprise\platform_auth\platform_auth_policy_observer.cc:108] PlatformAuthProviderManager enabled: 0
[12656:840:0526/101135.749:VERBOSE1:components\policy\core\common\cloud\user_cloud_policy_store.cc:130] [policy_type=google/chrome/user] Initiating immediate policy load from disk
[12656:840:0526/101135.749:VERBOSE1:components\policy\core\common\cloud\user_cloud_policy_store.cc:233] [policy_type=google/chrome/user] No policy found on disk
[12656:840:0526/101135.772:VERBOSE1:components\proxy_config\pref_proxy_config_tracker_impl.cc:462] 0x1e6c00108e00: set chrome proxy config service to 0x1e6c0015e300
[12656:840:0526/101135.784:VERBOSE1:components\signin\internal\identity_manager\mutable_profile_oauth2_token_service_delegate.cc:353] MutablePO2TS::MutablePO2TS
[12656:840:0526/101135.802:VERBOSE1:components\proxy_config\pref_proxy_config_tracker_impl.cc:462] 0x1e6c0010ab40: set chrome proxy config service to 0x1e6c0015ddc0
[12656:840:0526/101135.803:VERBOSE1:components\device_event_log\device_event_log_impl.cc:204] [10:11:35.804] Bluetooth: EVENT: bluetooth_api.cc:82 BluetoothAPI: 0x1e6c00123080
[12656:840:0526/101135.804:VERBOSE1:chrome\browser\permissions\prediction_service\prediction_model_handler_provider_factory.cc:61] [PermissionsAI]: PredictionModelHandlerProviderFactory::BuildServiceInstanceForBrowserContext
[12656:840:0526/101135.804:VERBOSE1:chrome\browser\permissions\prediction_service\prediction_model_handler_provider_factory.cc:98] [PermissionsAI]: PredictionModelHandlerProviderFactory::BuildServiceInstanceForBrowserContext PermissionsAIv4 not enabled, passage embedder not setup.
[12656:840:0526/101135.804:VERBOSE1:chrome\browser\permissions\prediction_service\prediction_model_handler_provider.cc:55] [PermissionsAI] PredictionModelHandlerProvider ctor passage_embedder available: false
[12656:840:0526/101135.804:VERBOSE1:chrome\browser\permissions\prediction_service\prediction_model_handler_provider.cc:58] [PermissionsAI] PredictionModelHandlerProvider ctor optimization_guide available: true
[12656:840:0526/101135.812:VERBOSE1:components\signin\internal\identity_manager\mutable_profile_oauth2_token_service_delegate.cc:443] MutablePO2TS::RefreshTokenIsAvailable
[12656:840:0526/101135.813:VERBOSE1:extensions\browser\api\bluetooth_low_energy\bluetooth_low_energy_event_router.cc:292] Initializing BluetoothLowEnergyEventRouter.
[12656:840:0526/101135.820:VERBOSE1:google_apis\gaia\gaia_auth_util.cc:53] Canonicalized @gmail.com to @gmail.com
[12656:840:0526/101135.820:VERBOSE1:google_apis\gaia\gaia_auth_util.cc:53] Canonicalized @gmail.com to @gmail.com
[12656:840:0526/101135.820:VERBOSE1:components\signin\core\browser\account_reconcilor.cc:149] AccountReconcilor::AccountReconcilor
[12656:840:0526/101135.820:VERBOSE1:components\signin\core\browser\account_reconcilor.cc:179] AccountReconcilor::Initialize
[12656:840:0526/101135.820:VERBOSE1:components\signin\core\browser\account_reconcilor.cc:230] AccountReconcilor::RegisterWithContentSettings
[12656:840:0526/101135.820:VERBOSE1:components\signin\core\browser\account_reconcilor.cc:253] AccountReconcilor::RegisterWithIdentityManager
[12656:840:0526/101135.822:VERBOSE1:components\signin\internal\identity_manager\mutable_profile_oauth2_token_service_delegate.cc:443] MutablePO2TS::RefreshTokenIsAvailable
[12656:840:0526/101135.822:VERBOSE1:chrome\browser\actor\aggregated_journal.cc:232] [ActorTool]: GlicActorPolicyChecker::ComputeActOnWebCapability: outcome=kNo reasons=kAccountCapabilityIneligible 
[12656:840:0526/101135.822:VERBOSE1:components\signin\internal\identity_manager\mutable_profile_oauth2_token_service_delegate.cc:443] MutablePO2TS::RefreshTokenIsAvailable
[12656:840:0526/101135.822:VERBOSE1:components\signin\internal\identity_manager\mutable_profile_oauth2_token_service_delegate.cc:443] MutablePO2TS::RefreshTokenIsAvailable
[12656:840:0526/101135.822:VERBOSE1:components\signin\internal\identity_manager\mutable_profile_oauth2_token_service_delegate.cc:443] MutablePO2TS::RefreshTokenIsAvailable
[12656:840:0526/101135.828:VERBOSE1:components\signin\internal\identity_manager\mutable_profile_oauth2_token_service_delegate.cc:443] MutablePO2TS::RefreshTokenIsAvailable
[12656:840:0526/101135.834:VERBOSE1:extensions\browser\extension_registrar.cc:547] AddComponentExtension Web Store
[12656:840:0526/101135.834:VERBOSE1:extensions\browser\extension_registrar.cc:549] Component extension Web Store (ahfgeienlihckogmohjhadlkjgocpleb) installing/upgrading from '' to 0.2
[12656:840:0526/101135.835:VERBOSE1:extensions\browser\extension_registrar.cc:547] AddComponentExtension Chrome PDF Viewer
[12656:840:0526/101135.835:VERBOSE1:extensions\browser\extension_registrar.cc:549] Component extension Chrome PDF Viewer (mhjfbmdgcfjbbpaeojofohoefgiehjai) installing/upgrading from '' to 1
[12656:840:0526/101135.836:VERBOSE1:extensions\browser\extension_registrar.cc:547] AddComponentExtension Google Hangouts
[12656:840:0526/101135.836:VERBOSE1:extensions\browser\extension_registrar.cc:549] Component extension Google Hangouts (nkeimhogjdpnpccoofpliimaahmaaome) installing/upgrading from '' to 1.3.26
[12656:840:0526/101135.837:VERBOSE1:extensions\browser\extension_registrar.cc:547] AddComponentExtension Google Network Speech
[12656:840:0526/101135.837:VERBOSE1:extensions\browser\extension_registrar.cc:549] Component extension Google Network Speech (fignfifoniblkonapihmkfakmlgkbkcf) installing/upgrading from '' to 1.0
[12656:840:0526/101135.838:VERBOSE1:components\signin\internal\identity_manager\mutable_profile_oauth2_token_service_delegate.cc:443] MutablePO2TS::RefreshTokenIsAvailable
[12656:840:0526/101135.838:VERBOSE1:components\signin\internal\identity_manager\mutable_profile_oauth2_token_service_delegate.cc:443] MutablePO2TS::RefreshTokenIsAvailable
[12656:840:0526/101135.846:VERBOSE1:components\component_updater\installer_policies\on_device_head_suggest_component_installer.cc:59] On Device Head Component will fetch model for locale: ENUS500000
[12656:840:0526/101135.846:VERBOSE1:chrome\browser\component_updater\trust_token_key_commitments_component_installer.cc:22] Registering Trust Token Key Commitments component.
[12656:840:0526/101135.846:VERBOSE1:chrome\browser\component_updater\first_party_sets_component_installer.cc:37] Registering Related Website Sets component.
[12656:840:0526/101135.846:VERBOSE1:chrome\browser\component_updater\privacy_sandbox_attestations_component_installer.cc:181] Registering Privacy Sandbox Attestations component
[12656:840:0526/101135.846:VERBOSE1:chrome\browser\component_updater\file_type_policies_component_installer.cc:126] Registering File Type Policies component.
[12656:840:0526/101135.846:VERBOSE1:chrome\browser\component_updater\hyphenation_component_installer.cc:148] Registering Hyphenation component.
[12656:840:0526/101135.846:VERBOSE1:components\component_updater\installer_policies\actor_safety_lists_component_installer.cc:141] Registering Actor Safety Lists Component.
[12656:840:0526/101135.847:VERBOSE1:chrome\browser\component_updater\translate_kit_component_installer.cc:210] Registering TranslateKit component.
[12656:840:0526/101135.847:VERBOSE1:chrome\browser\component_updater\wasm_tts_engine_component_installer.cc:286] Registering WASM TTS Engine component.
[12656:840:0526/101135.847:VERBOSE1:chrome\browser\component_updater\captcha_provider_component_installer.cc:175] Registering Captcha Provider component.
[12656:840:0526/101135.848:VERBOSE1:chrome\browser\profiles\profile_manager.cc:1408] AddKeepAlive(Default, kOffTheRecordProfile). keep_alives=[kWaitingForFirstBrowserWindow (1), kOffTheRecordProfile (1)]
[12656:840:0526/101135.849:VERBOSE1:chrome\browser\permissions\prediction_service\prediction_model_handler_provider_factory.cc:61] [PermissionsAI]: PredictionModelHandlerProviderFactory::BuildServiceInstanceForBrowserContext
[12656:840:0526/101135.849:VERBOSE1:chrome\browser\permissions\prediction_service\prediction_model_handler_provider_factory.cc:98] [PermissionsAI]: PredictionModelHandlerProviderFactory::BuildServiceInstanceForBrowserContext PermissionsAIv4 not enabled, passage embedder not setup.
[12656:840:0526/101135.849:VERBOSE1:chrome\browser\permissions\prediction_service\prediction_model_handler_provider.cc:55] [PermissionsAI] PredictionModelHandlerProvider ctor passage_embedder available: false
[12656:840:0526/101135.849:VERBOSE1:chrome\browser\permissions\prediction_service\prediction_model_handler_provider.cc:58] [PermissionsAI] PredictionModelHandlerProvider ctor optimization_guide available: true
[12656:840:0526/101135.851:VERBOSE1:components\proxy_config\pref_proxy_config_tracker_impl.cc:462] 0x1e6c0010cf00: set chrome proxy config service to 0x1e6c00162900
[12656:2968:0526/101135.870:VERBOSE1:components\component_updater\component_installer.cc:477] StartRegistration for Privacy Sandbox Attestations
[12656:2968:0526/101135.870:VERBOSE1:components\component_updater\component_installer.cc:312] Preinstalled component found for Privacy Sandbox Attestations at C:\Program Files\Google\Chrome\Application\148.0.7778.179\PrivacySandboxAttestationsPreloaded with version 2025.7.18.0.
[12656:24300:0526/101135.875:VERBOSE1:net\disk_cache\simple\simple_index_file.cc:609] Simple Cache Index is being restored from disk.
[12656:24300:0526/101135.876:VERBOSE1:net\disk_cache\simple\simple_index_file.cc:609] Simple Cache Index is being restored from disk.
[12656:24300:0526/101135.881:VERBOSE1:components\component_updater\component_installer.cc:477] StartRegistration for Chrome Improved Recovery
[12656:5276:0526/101135.881:VERBOSE1:components\component_updater\component_installer.cc:477] StartRegistration for Widevine Content Decryption Module
[12656:22264:0526/101135.882:VERBOSE1:components\component_updater\component_installer.cc:477] StartRegistration for Subresource Filter Rules
[12656:5276:0526/101135.882:VERBOSE1:components\component_updater\component_installer.cc:312] Preinstalled component found for Widevine Content Decryption Module at C:\Program Files\Google\Chrome\Application\148.0.7778.179\WidevineCdm with version 4.10.3050.0.
[12656:24300:0526/101135.884:VERBOSE1:components\component_updater\component_installer.cc:477] StartRegistration for OnDeviceHeadSuggest
[12656:5276:0526/101135.884:VERBOSE1:components\component_updater\component_installer.cc:477] StartRegistration for Optimization Hints
[12656:25400:0526/101135.885:VERBOSE1:components\component_updater\component_installer.cc:477] StartRegistration for Trust Token Key Commitments
[12656:22264:0526/101135.886:VERBOSE1:components\component_updater\component_installer.cc:477] StartRegistration for Certificate Error Assistant
[12656:24300:0526/101135.887:VERBOSE1:components\component_updater\component_installer.cc:477] StartRegistration for File Type Policies
[12656:5276:0526/101135.887:VERBOSE1:components\component_updater\component_installer.cc:477] StartRegistration for CRLSet
[12656:14792:0526/101135.888:VERBOSE1:components\component_updater\component_installer.cc:477] StartRegistration for Origin Trials
[12656:25400:0526/101135.888:VERBOSE1:components\component_updater\component_installer.cc:477] StartRegistration for MEI Preload
[12656:5276:0526/101135.891:VERBOSE1:components\component_updater\component_installer.cc:477] StartRegistration for PKI Metadata
[12656:24300:0526/101135.891:VERBOSE1:components\component_updater\component_installer.cc:477] StartRegistration for Safety Tips
[12656:25400:0526/101135.895:VERBOSE1:components\component_updater\component_installer.cc:312] Preinstalled component found for MEI Preload at C:\Program Files\Google\Chrome\Application\148.0.7778.179\MEIPreload with version 1.0.7.1652906823.
[12656:22264:0526/101135.899:VERBOSE1:components\component_updater\component_installer.cc:477] StartRegistration for Crowd Deny
[12656:14792:0526/101135.899:VERBOSE1:components\component_updater\component_installer.cc:477] StartRegistration for Hyphenation
[12656:5276:0526/101135.914:VERBOSE1:components\component_updater\component_installer.cc:477] StartRegistration for Zxcvbn Data Dictionaries
[12656:14792:0526/101135.915:VERBOSE1:components\component_updater\component_installer.cc:477] StartRegistration for Actor Safety Lists
[12656:17908:0526/101135.916:VERBOSE1:components\component_updater\component_installer.cc:477] StartRegistration for Amount Extraction Heuristic Regexes
[12656:25400:0526/101135.916:VERBOSE1:components\component_updater\component_installer.cc:477] StartRegistration for WASM TTS Engine
[12656:840:0526/101135.916:VERBOSE1:chrome\browser\ui\views\omnibox\omnibox_popup_closer.cc:65] Closing omnibox popup with reason: kRevertAll
[12656:17908:0526/101135.918:VERBOSE1:components\component_updater\component_installer.cc:477] StartRegistration for Captcha Providers
[12656:840:0526/101135.918:VERBOSE1:chrome\browser\ui\views\omnibox\omnibox_popup_closer.cc:65] Closing omnibox popup with reason: kBrowserWidgetMoved
[24276:24792:0526/101135.963:ERROR:ui\gl\direct_composition_support.cc:243] GetGpuDriverOverlayInfo: Failed to retrieve video device
[12656:840:0526/101135.965:VERBOSE1:chrome\browser\enterprise\data_protection\data_protection_navigation_observer.cc:222] enterprise.data_protection: same document navigation: 0
[12656:840:0526/101135.965:VERBOSE1:chrome\browser\enterprise\data_protection\data_protection_navigation_observer.cc:224] enterprise.data_protection: URL to scan: file:///C:/Users/91960/Desktop/MyWebsite-.IN/index.html
[24276:24792:0526/101135.974:VERBOSE1:components\viz\service\main\viz_main_impl.cc:87] VizNullHypothesis is disabled (not a warning)
[12656:840:0526/101135.984:VERBOSE1:chrome\browser\ui\views\omnibox\omnibox_popup_closer.cc:65] Closing omnibox popup with reason: kRevertAll
[12656:15132:0526/101135.985:VERBOSE1:components\signin\public\webdata\token_service_table.cc:259] Loaded tokens: result = 3 ; number of tokens loaded = 0
[23680:19256:0526/101136.008:VERBOSE1:net\base\network_delegate.cc:38] NetworkDelegate::NotifyBeforeURLRequest: http://clients2.google.com/time/1/current?cup2key=10:1L4kGO779YaCnh7iHVFrFfc1v2xRn8eTfyOl6FAy7mk&cup2hreq=e3b0c44298fc1c149afbf4c8996fb92427ae41e4649b934ca495991b7852b855
[23680:19256:0526/101136.021:VERBOSE1:net\proxy_resolution\configured_proxy_resolution_service.cc:1223] Failed configuring with PAC script, falling-back to manual proxy servers.
[12656:11612:0526/101136.028:VERBOSE1:extensions\browser\content_verifier\content_verifier.cc:944] OnFetchComplete ahfgeienlihckogmohjhadlkjgocpleb success:0
[12656:11612:0526/101136.028:VERBOSE1:extensions\browser\content_verifier\content_verifier.cc:944] OnFetchComplete mhjfbmdgcfjbbpaeojofohoefgiehjai success:0
[12656:11612:0526/101136.029:VERBOSE1:extensions\browser\content_verifier\content_verifier.cc:944] OnFetchComplete nkeimhogjdpnpccoofpliimaahmaaome success:0
[12656:11612:0526/101136.029:VERBOSE1:extensions\browser\content_verifier\content_verifier.cc:944] OnFetchComplete fignfifoniblkonapihmkfakmlgkbkcf success:0
[12656:2968:0526/101136.030:WARNING:chrome\browser\extensions\external_pref_loader.cc:294] You are using an old-style extension deployment method (external_extensions.json), which will soon be deprecated. (see http://developer.chrome.com/docs/extensions/how-to/distribute/install-extensions)
[12656:840:0526/101136.032:VERBOSE1:components\component_updater\component_installer.cc:556] FinishRegistration for Privacy Sandbox Attestations
[12656:840:0526/101136.032:VERBOSE1:components\component_updater\component_updater_service.cc:169] CrxUpdateService starting up. First update attempt will take place in 60 s seconds. Next update attempt will take place in 18000 s seconds. 
[12656:840:0526/101136.032:VERBOSE1:components\component_updater\component_installer.cc:597] Component ready, version 2025.7.18.0 in C:\Program Files\Google\Chrome\Application\148.0.7778.179\PrivacySandboxAttestationsPreloaded
[12656:840:0526/101136.032:VERBOSE1:chrome\browser\component_updater\privacy_sandbox_attestations_component_installer.cc:111] Privacy Sandbox Attestations Component ready, version 2025.7.18.0 in C:\Program Files\Google\Chrome\Application\148.0.7778.179\PrivacySandboxAttestationsPreloaded
[12656:840:0526/101136.032:VERBOSE1:chrome\browser\component_updater\privacy_sandbox_attestations_component_installer.cc:188] Received privacy sandbox attestations file
[12656:840:0526/101136.038:VERBOSE1:components\component_updater\component_installer.cc:556] FinishRegistration for Chrome Improved Recovery
[12656:840:0526/101136.038:VERBOSE1:components\component_updater\component_installer.cc:556] FinishRegistration for Widevine Content Decryption Module
[12656:840:0526/101136.038:VERBOSE1:components\component_updater\component_installer.cc:597] Component ready, version 4.10.3050.0 in C:\Program Files\Google\Chrome\Application\148.0.7778.179\WidevineCdm
[12656:840:0526/101136.038:VERBOSE1:components\component_updater\component_installer.cc:556] FinishRegistration for Subresource Filter Rules
[12656:840:0526/101136.038:VERBOSE1:components\component_updater\component_installer.cc:556] FinishRegistration for OnDeviceHeadSuggest
[12656:840:0526/101136.038:VERBOSE1:components\component_updater\component_installer.cc:556] FinishRegistration for Optimization Hints
[12656:840:0526/101136.038:VERBOSE1:components\component_updater\component_installer.cc:556] FinishRegistration for Trust Token Key Commitments
[12656:840:0526/101136.038:VERBOSE1:components\component_updater\component_installer.cc:556] FinishRegistration for CRLSet
[12656:840:0526/101136.038:VERBOSE1:components\component_updater\component_installer.cc:556] FinishRegistration for File Type Policies
[12656:840:0526/101136.038:VERBOSE1:components\component_updater\component_installer.cc:556] FinishRegistration for Certificate Error Assistant
[12656:840:0526/101136.038:VERBOSE1:components\component_updater\component_installer.cc:556] FinishRegistration for Origin Trials
[12656:840:0526/101136.038:VERBOSE1:components\component_updater\component_installer.cc:556] FinishRegistration for PKI Metadata
[12656:840:0526/101136.038:VERBOSE1:components\component_updater\component_installer.cc:556] FinishRegistration for Hyphenation
[12656:840:0526/101136.039:VERBOSE1:components\component_updater\component_installer.cc:556] FinishRegistration for MEI Preload
[12656:840:0526/101136.039:VERBOSE1:components\component_updater\component_installer.cc:597] Component ready, version 1.0.7.1652906823 in C:\Program Files\Google\Chrome\Application\148.0.7778.179\MEIPreload
[12656:840:0526/101136.039:VERBOSE1:components\component_updater\component_installer.cc:556] FinishRegistration for Amount Extraction Heuristic Regexes
[12656:840:0526/101136.039:VERBOSE1:components\component_updater\component_installer.cc:556] FinishRegistration for Crowd Deny
[12656:840:0526/101136.040:VERBOSE1:components\component_updater\component_installer.cc:556] FinishRegistration for Safety Tips
[12656:840:0526/101136.040:VERBOSE1:components\component_updater\component_installer.cc:556] FinishRegistration for Captcha Providers
[12656:840:0526/101136.040:VERBOSE1:components\component_updater\component_installer.cc:556] FinishRegistration for Actor Safety Lists
[12656:840:0526/101136.040:VERBOSE1:components\component_updater\component_installer.cc:556] FinishRegistration for Zxcvbn Data Dictionaries
[12656:840:0526/101136.040:VERBOSE1:components\component_updater\component_installer.cc:556] FinishRegistration for WASM TTS Engine
[12656:840:0526/101136.041:VERBOSE1:chrome\browser\local_discovery\service_discovery_device_lister.cc:36] DeviceListerStart: service_type: _googlecast._tcp.local
[12656:840:0526/101136.041:VERBOSE1:chrome\browser\local_discovery\service_discovery_device_lister.cc:42] DiscoverNewDevices: service_type: _googlecast._tcp.local
[12656:15132:0526/101136.042:VERBOSE1:content\browser\loader\file_url_loader_factory.cc:474] FileURLLoader::Start: file:///C:/Users/91960/Desktop/MyWebsite-.IN/index.html
[12656:840:0526/101136.043:VERBOSE1:components\signin\internal\identity_manager\mutable_profile_oauth2_token_service_delegate.cc:599] MutablePO2TS::OnWebDataServiceRequestDone. Result type: 6
[12656:840:0526/101136.043:VERBOSE1:components\signin\internal\identity_manager\mutable_profile_oauth2_token_service_delegate.cc:661] MutablePO2TS::LoadAllCredentialsIntoMemory; 0 credential(s).
[12656:840:0526/101136.044:VERBOSE1:components\signin\internal\identity_manager\mutable_profile_oauth2_token_service_delegate.cc:443] MutablePO2TS::RefreshTokenIsAvailable
[12656:840:0526/101136.044:VERBOSE1:google_apis\gaia\gaia_auth_util.cc:53] Canonicalized @gmail.com to @gmail.com
[12656:840:0526/101136.044:VERBOSE1:google_apis\gaia\gaia_auth_util.cc:53] Canonicalized @gmail.com to @gmail.com
[12656:840:0526/101136.044:VERBOSE1:components\signin\internal\identity_manager\mutable_profile_oauth2_token_service_delegate.cc:443] MutablePO2TS::RefreshTokenIsAvailable
[12656:840:0526/101136.044:VERBOSE1:components\signin\internal\identity_manager\mutable_profile_oauth2_token_service_delegate.cc:443] MutablePO2TS::RefreshTokenIsAvailable
[12656:840:0526/101136.044:VERBOSE1:components\signin\internal\identity_manager\mutable_profile_oauth2_token_service_delegate.cc:443] MutablePO2TS::RefreshTokenIsAvailable
[12656:840:0526/101136.044:VERBOSE1:components\signin\internal\identity_manager\mutable_profile_oauth2_token_service_delegate.cc:443] MutablePO2TS::RefreshTokenIsAvailable
[12656:840:0526/101136.044:VERBOSE1:components\signin\internal\identity_manager\mutable_profile_oauth2_token_service_delegate.cc:443] MutablePO2TS::RefreshTokenIsAvailable
[12656:840:0526/101136.044:VERBOSE1:components\signin\core\browser\account_reconcilor.cc:338] AccountReconcilor::OnEndBatchOfRefreshTokenStateChanges. Reconcilor state: 1
[23680:24232:0526/101136.045:VERBOSE1:net\disk_cache\simple\simple_index_file.cc:609] Simple Cache Index is being restored from disk.
[14356:15456:0526/101136.053:INFO:third_party\webrtc\rtc_base\cpu_info.cc:77] Available number of cores: 12
[12656:840:0526/101136.056:VERBOSE1:components\signin\internal\identity_manager\mutable_profile_oauth2_token_service_delegate.cc:443] MutablePO2TS::RefreshTokenIsAvailable
[12656:840:0526/101136.058:VERBOSE1:chrome\browser\profiles\profile_manager.cc:1408] AddKeepAlive(Default, kExtensionUpdater). keep_alives=[kWaitingForFirstBrowserWindow (1), kOffTheRecordProfile (1), kExtensionUpdater (1)]
[12656:840:0526/101136.058:VERBOSE1:components\privacy_sandbox\privacy_sandbox_attestations\privacy_sandbox_attestations.cc:480] Parsed Privacy Sandbox Attestation list version: 2025.7.18.0
[12656:840:0526/101136.058:VERBOSE1:components\privacy_sandbox\privacy_sandbox_attestations\privacy_sandbox_attestations.cc:482] Number of attestation entries: 263
[12656:840:0526/101136.058:VERBOSE1:chrome\browser\component_updater\widevine_cdm_component_installer.cc:94] Registering Widevine CDM 4.10.3050.0 with Chrome
[12656:840:0526/101136.061:VERBOSE1:chrome\browser\web_applications\locks\partitioned_lock_manager.cc:262] Acquiring <PartitionedLockId>{id: 0x31, partition: 0} for Start@chrome\browser\web_applications\generated_icon_fix_manager.cc:61
[12656:840:0526/101136.061:VERBOSE1:chrome\browser\web_applications\locks\partitioned_lock_manager.cc:243] All locks acquired for Start@chrome\browser\web_applications\generated_icon_fix_manager.cc:61
[12656:840:0526/101136.064:VERBOSE1:chrome\browser\web_applications\locks\partitioned_lock_manager.cc:286] Releasing <PartitionedLockId>{id: 0x31, partition: 0} requested by Start@chrome\browser\web_applications\generated_icon_fix_manager.cc:61
[9272:22368:0526/101136.065:INFO:third_party\webrtc\rtc_base\cpu_info.cc:77] Available number of cores: 12
[23680:19256:0526/101136.068:VERBOSE1:net\base\network_delegate.cc:38] NetworkDelegate::NotifyBeforeURLRequest: https://safebrowsingohttpgateway.googleapis.com/v1/ohttp/hpkekeyconfig?key=AIzaSyA2KlwBX3mkFo30om9LUFYQhpqLoa_BNhE
[23680:19256:0526/101136.068:VERBOSE1:net\base\network_delegate.cc:38] NetworkDelegate::NotifyBeforeURLRequest: https://accounts.google.com/ListAccounts?gpsia=1&source=ChromiumBrowser&json=standard&laf=b64bin
[23680:19256:0526/101136.068:VERBOSE1:net\base\network_delegate.cc:38] NetworkDelegate::NotifyBeforeURLRequest: https://clientservices.googleapis.com/chrome-variations/seed?osname=win&channel=stable&milestone=148
[23680:19256:0526/101136.073:VERBOSE1:net\base\network_delegate.cc:38] NetworkDelegate::NotifyBeforeURLRequest: https://www.google.com/async/folae?async=_fmt:pb&udm=50&client_locale=en-US
[23680:19256:0526/101136.073:VERBOSE1:net\base\network_delegate.cc:38] NetworkDelegate::NotifyBeforeURLRequest: https://www.google.com/async/folae?async=_fmt:pb&udm=50&client_locale=en-US
[23680:19256:0526/101136.074:VERBOSE1:net\base\network_delegate.cc:38] NetworkDelegate::NotifyBeforeURLRequest: https://clients2.google.com/service/update2/crx?os=win&arch=x64&os_arch=x86_64&prod=chromecrx&prodchannel=&prodversion=148.0.7778.179&lang=en-US&acceptformat=crx3,puff&x=id%3Defaidnbmnnnibpcajpcglclefindmkaj%26v%3D0.0.0.0%26installedby%3Dexternal%26uc%26brand%3DRXQR%26ping%3Dr%253D-1%2526e%253D1&x=id%3Dghbmnnjooekpmoecnnnilnnbdlolhkhi%26v%3D0.0.0.0%26installedby%3Dinternal%26uc%26brand%3DRXQR%26ping%3Dr%253D-1%2526e%253D1&x=id%3Dnmmhkkegccagdldgiimedpiccmgmieda%26v%3D0.0.0.0%26installedby%3Dother%26uc%26brand%3DRXQR%26ping%3Dr%253D-1%2526e%253D1
[12656:840:0526/101136.080:VERBOSE1:components\signin\internal\identity_manager\mutable_profile_oauth2_token_service_delegate.cc:443] MutablePO2TS::RefreshTokenIsAvailable
[23680:19256:0526/101136.081:VERBOSE1:net\proxy_resolution\configured_proxy_resolution_service.cc:1223] Failed configuring with PAC script, falling-back to manual proxy servers.
[12656:840:0526/101136.086:VERBOSE1:components\signin\internal\identity_manager\mutable_profile_oauth2_token_service_delegate.cc:443] MutablePO2TS::RefreshTokenIsAvailable
[23680:19256:0526/101136.092:VERBOSE1:net\proxy_resolution\configured_proxy_resolution_service.cc:1223] Failed configuring with PAC script, falling-back to manual proxy servers.
[23680:19256:0526/101136.097:VERBOSE1:net\proxy_resolution\configured_proxy_resolution_service.cc:1223] Failed configuring with PAC script, falling-back to manual proxy servers.
[23680:19256:0526/101136.110:VERBOSE1:net\third_party\quiche\src\quiche\quic\core\tls_handshaker.cc:109] TlsClient: Continuing handshake
[9272:22368:0526/101136.117:VERBOSE1:extensions\renderer\script_context.cc:150] Created context:
  extension id:           (none)
  frame:                  0x564020304e8
  URL:                    
  context_type:           WEB_PAGE
  effective extension id: (none)
  effective context type: WEB_PAGE
[9272:22368:0526/101136.118:VERBOSE1:extensions\renderer\script_context.cc:150] Created context:
  extension id:           (none)
  frame:                  (nil)
  URL:                    
  context_type:           UNSPECIFIED
  effective extension id: (none)
  effective context type: UNSPECIFIED
[9272:22368:0526/101136.118:VERBOSE1:extensions\renderer\dispatcher.cc:493] Num tracked contexts: 1
[12656:10836:0526/101136.121:VERBOSE1:content\browser\loader\file_url_loader_factory.cc:474] FileURLLoader::Start: file:///C:/Users/91960/Desktop/MyWebsite-.IN/style.css
[12656:10836:0526/101136.124:VERBOSE1:content\browser\loader\file_url_loader_factory.cc:474] FileURLLoader::Start: file:///C:/Users/91960/Desktop/MyWebsite-.IN/assets/me_3d.png
[12656:10836:0526/101136.125:VERBOSE1:content\browser\loader\file_url_loader_factory.cc:474] FileURLLoader::Start: file:///C:/Users/91960/Desktop/MyWebsite-.IN/script.js
[23680:19256:0526/101136.135:VERBOSE1:net\third_party\quiche\src\quiche\quic\core\tls_handshaker.cc:109] TlsClient: Continuing handshake
[23680:19256:0526/101136.135:VERBOSE1:net\third_party\quiche\src\quiche\quic\core\tls_handshaker.cc:109] TlsClient: Continuing handshake
[23680:19256:0526/101136.137:VERBOSE1:net\third_party\quiche\src\quiche\quic\core\tls_handshaker.cc:109] TlsClient: Continuing handshake
[23680:19256:0526/101136.137:VERBOSE1:net\third_party\quiche\src\quiche\quic\core\tls_handshaker.cc:109] TlsClient: Continuing handshake
[23680:19256:0526/101136.137:VERBOSE1:net\third_party\quiche\src\quiche\quic\core\tls_handshaker.cc:109] TlsClient: Continuing handshake
[23680:19256:0526/101136.158:VERBOSE1:net\third_party\quiche\src\quiche\quic\core\tls_handshaker.cc:109] TlsClient: Continuing handshake
[23680:19256:0526/101136.161:VERBOSE1:net\third_party\quiche\src\quiche\quic\core\tls_handshaker.cc:109] TlsClient: Continuing handshake
[25132:21300:0526/101136.179:INFO:third_party\webrtc\rtc_base\cpu_info.cc:77] Available number of cores: 12
[3444:10232:0526/101136.195:INFO:third_party\webrtc\rtc_base\cpu_info.cc:77] Available number of cores: 12
[12656:840:0526/101136.206:VERBOSE1:components\segmentation_platform\internal\signals\signal_filter_processor.cc:61] Segmentation platform started observing Session.TotalDuration
[12656:840:0526/101136.206:VERBOSE1:components\segmentation_platform\internal\signals\signal_filter_processor.cc:61] Segmentation platform started observing Commerce.PriceDrops.ActiveTabNavigationComplete.IsProductDetailPage
[12656:840:0526/101136.206:VERBOSE1:components\segmentation_platform\internal\signals\signal_filter_processor.cc:54] Segmentation platform started observing Autofill_PolledCreditCardSuggestions
[12656:840:0526/101136.206:VERBOSE1:components\segmentation_platform\internal\signals\signal_filter_processor.cc:61] Segmentation platform started observing IOS.ParcelTracking.Tracked.AutoTrack
[12656:840:0526/101136.206:VERBOSE1:components\segmentation_platform\internal\signals\signal_filter_processor.cc:61] Segmentation platform started observing Omnibox.SuggestionUsed.ClientSummarizedResultType
[12656:840:0526/101136.206:VERBOSE1:components\segmentation_platform\internal\signals\signal_filter_processor.cc:54] Segmentation platform started observing MetadataWriter
[12656:840:0526/101136.206:VERBOSE1:components\segmentation_platform\internal\signals\signal_filter_processor.cc:61] Segmentation platform started observing Sync.DeviceCount2
[12656:840:0526/101136.206:VERBOSE1:components\segmentation_platform\internal\signals\signal_filter_processor.cc:61] Segmentation platform started observing Sync.DeviceCount2.Phone
[12656:840:0526/101136.206:VERBOSE1:components\segmentation_platform\internal\signals\signal_filter_processor.cc:61] Segmentation platform started observing Sync.DeviceCount2.Desktop
[12656:840:0526/101136.206:VERBOSE1:components\segmentation_platform\internal\signals\signal_filter_processor.cc:61] Segmentation platform started observing Sync.DeviceCount2.Tablet
[12656:840:0526/101136.206:VERBOSE1:components\segmentation_platform\internal\signals\signal_filter_processor.cc:54] Segmentation platform started observing MobileBookmarkManagerOpen
[12656:840:0526/101136.206:VERBOSE1:components\segmentation_platform\internal\signals\signal_filter_processor.cc:54] Segmentation platform started observing NewTabPage.MostVisited.Clicked
[12656:840:0526/101136.206:VERBOSE1:components\segmentation_platform\internal\signals\signal_filter_processor.cc:54] Segmentation platform started observing TabGroup.Created.OpenInNewTab
[12656:840:0526/101136.206:VERBOSE1:components\segmentation_platform\internal\signals\signal_filter_processor.cc:54] Segmentation platform started observing Android.HistoryPage.OpenItem
[12656:840:0526/101136.206:VERBOSE1:components\segmentation_platform\internal\signals\signal_filter_processor.cc:54] Segmentation platform started observing MobileMenuRecentTabs
[12656:840:0526/101136.206:VERBOSE1:components\segmentation_platform\internal\signals\signal_filter_processor.cc:61] Segmentation platform started observing PasswordManager.ManagePasswordsReferrer
[12656:840:0526/101136.206:VERBOSE1:components\segmentation_platform\internal\signals\signal_filter_processor.cc:61] Segmentation platform started observing PasswordManager.ProfileStore.TotalAccountsHiRes3.WithScheme.Https
[12656:840:0526/101136.206:VERBOSE1:components\segmentation_platform\internal\signals\signal_filter_processor.cc:61] Segmentation platform started observing PasswordManager.FillingAssistance
[12656:840:0526/101136.206:VERBOSE1:components\segmentation_platform\internal\signals\signal_filter_processor.cc:61] Segmentation platform started observing PasswordManager.SavedPasswordIsGenerated
[12656:840:0526/101136.206:VERBOSE1:components\segmentation_platform\internal\signals\signal_filter_processor.cc:61] Segmentation platform started observing PasswordManager.SaveUIDismissalReason
[12656:840:0526/101136.206:VERBOSE1:components\segmentation_platform\internal\signals\signal_filter_processor.cc:61] Segmentation platform started observing PasswordManager.SaveUIDismissalReason
[12656:840:0526/101136.206:VERBOSE1:components\segmentation_platform\internal\signals\signal_filter_processor.cc:61] Segmentation platform started observing IOS.CredentialExtension.IsEnabled.Startup
[12656:840:0526/101136.206:VERBOSE1:components\segmentation_platform\internal\signals\signal_filter_processor.cc:61] Segmentation platform started observing Session.TotalDuration
[12656:10836:0526/101136.211:VERBOSE1:net\disk_cache\simple\simple_index_file.cc:609] Simple Cache Index is being restored from disk.
[23680:19256:0526/101136.220:VERBOSE1:net\third_party\quiche\src\quiche\quic\core\tls_handshaker.cc:109] TlsClient: Continuing handshake
[25132:21300:0526/101136.223:VERBOSE1:extensions\renderer\script_context.cc:150] Created context:
  extension id:           nkeimhogjdpnpccoofpliimaahmaaome
  frame:                  0x78e4020304e8
  URL:                    
  context_type:           BLESSED_EXTENSION
  effective extension id: nkeimhogjdpnpccoofpliimaahmaaome
  effective context type: BLESSED_EXTENSION
[25132:21300:0526/101136.223:VERBOSE1:extensions\renderer\script_context.cc:150] Created context:
  extension id:           (none)
  frame:                  (nil)
  URL:                    
  context_type:           UNSPECIFIED
  effective extension id: (none)
  effective context type: UNSPECIFIED
[25132:21300:0526/101136.225:VERBOSE1:extensions\renderer\dispatcher.cc:493] Num tracked contexts: 1
[23680:19256:0526/101136.239:VERBOSE1:net\base\network_delegate.cc:38] NetworkDelegate::NotifyBeforeURLRequest: https://fonts.googleapis.com/css2?family=Outfit:wght@300;400;500;600;700;800&family=Space+Grotesk:wght@300;400;500;600;700&family=Fira+Code:wght@400;500;600&display=swap
[3444:10232:0526/101136.241:VERBOSE1:extensions\renderer\script_context.cc:150] Created context:
  extension id:           nkeimhogjdpnpccoofpliimaahmaaome
  frame:                  0x55ec020304e8
  URL:                    
  context_type:           BLESSED_EXTENSION
  effective extension id: nkeimhogjdpnpccoofpliimaahmaaome
  effective context type: BLESSED_EXTENSION
[3444:10232:0526/101136.242:VERBOSE1:extensions\renderer\script_context.cc:150] Created context:
  extension id:           (none)
  frame:                  (nil)
  URL:                    
  context_type:           UNSPECIFIED
  effective extension id: (none)
  effective context type: UNSPECIFIED
[3444:10232:0526/101136.243:VERBOSE1:extensions\renderer\dispatcher.cc:493] Num tracked contexts: 1
[23680:19256:0526/101136.248:VERBOSE1:net\third_party\quiche\src\quiche\quic\core\tls_handshaker.cc:109] TlsClient: Continuing handshake
[23680:19256:0526/101136.248:VERBOSE1:net\third_party\quiche\src\quiche\quic\core\tls_handshaker.cc:109] TlsClient: Continuing handshake
[23680:19256:0526/101136.253:VERBOSE1:net\third_party\quiche\src\quiche\quic\core\tls_handshaker.cc:109] TlsClient: Continuing handshake
[23680:19256:0526/101136.253:VERBOSE1:net\third_party\quiche\src\quiche\quic\core\tls_handshaker.cc:109] TlsClient: Continuing handshake
[23680:19256:0526/101136.253:VERBOSE1:net\third_party\quiche\src\quiche\quic\core\tls_handshaker.cc:109] TlsClient: Continuing handshake
[11972:7680:0526/101136.266:INFO:third_party\webrtc\rtc_base\cpu_info.cc:77] Available number of cores: 12
[23680:19256:0526/101136.274:VERBOSE1:net\third_party\quiche\src\quiche\quic\core\tls_handshaker.cc:109] TlsClient: Continuing handshake
[23680:19256:0526/101136.286:VERBOSE1:net\third_party\quiche\src\quiche\quic\core\tls_handshaker.cc:109] TlsClient: Continuing handshake
[12544:23544:0526/101136.286:INFO:third_party\webrtc\rtc_base\cpu_info.cc:77] Available number of cores: 12
[12544:9032:0526/101136.338:VERBOSE1:extensions\renderer\script_context.cc:150] Created context:
  extension id:           fignfifoniblkonapihmkfakmlgkbkcf
  frame:                  (nil)
  URL:                    
  context_type:           BLESSED_EXTENSION
  effective extension id: fignfifoniblkonapihmkfakmlgkbkcf
  effective context type: BLESSED_EXTENSION
[12544:9032:0526/101136.339:VERBOSE1:extensions\renderer\script_context.cc:150] Created context:
  extension id:           (none)
  frame:                  (nil)
  URL:                    
  context_type:           UNSPECIFIED
  effective extension id: (none)
  effective context type: UNSPECIFIED
[12656:840:0526/101136.369:VERBOSE1:components\signin\core\browser\account_reconcilor.cc:559] AccountReconcilor::OnAccountsInCookieUpdated: CookieJar 0 accounts, Reconcilor's state is 1, Error was 
[12656:840:0526/101136.369:VERBOSE1:components\signin\core\browser\account_reconcilor.cc:653] AccountReconcilor::LoadValidAccountsFromTokenService: Chrome 0 accounts
[12656:840:0526/101136.369:VERBOSE1:components\signin\core\browser\account_reconcilor.cc:783] AccountReconcilor::CalculateIfMultiloginReconcileIsDone: Error was 
[12656:840:0526/101136.369:VERBOSE1:components\signin\core\browser\account_reconcilor.cc:689] AccountReconcilor::StartReconcileIfChromeAccountsChanged
[12656:840:0526/101136.370:VERBOSE1:components\signin\core\browser\account_reconcilor.cc:559] AccountReconcilor::OnAccountsInCookieUpdated: CookieJar 0 accounts, Reconcilor's state is 1, Error was 
[12656:840:0526/101136.370:VERBOSE1:components\signin\core\browser\account_reconcilor.cc:653] AccountReconcilor::LoadValidAccountsFromTokenService: Chrome 0 accounts
[12656:840:0526/101136.370:VERBOSE1:components\signin\core\browser\account_reconcilor.cc:783] AccountReconcilor::CalculateIfMultiloginReconcileIsDone: Error was 
[12656:840:0526/101136.370:VERBOSE1:components\signin\core\browser\account_reconcilor.cc:689] AccountReconcilor::StartReconcileIfChromeAccountsChanged
[12656:840:0526/101136.414:VERBOSE1:components\segmentation_platform\internal\selection\segment_result_provider.cc:136] GetSegmentResult: segment=OPTIMIZATION_TARGET_SEGMENTATION_DEVICE_SWITCHER ignoring DB score, executing model.
[12656:840:0526/101136.414:VERBOSE1:components\segmentation_platform\internal\selection\segment_result_provider.cc:277] ExecuteModelAndGetScore: segment=OPTIMIZATION_TARGET_SEGMENTATION_DEVICE_SWITCHER server segment info not available
[12656:840:0526/101136.414:VERBOSE1:components\segmentation_platform\internal\selection\segment_result_provider.cc:210] OnGotModelScore: segment=OPTIMIZATION_TARGET_SEGMENTATION_DEVICE_SWITCHER failed to get database model score, trying default model.
[12656:840:0526/101136.443:INFO:CONSOLE:1004] "Uncaught ReferenceError: closeModal is not defined", source: file:///C:/Users/91960/Desktop/MyWebsite-.IN/script.js (1004)
[23680:19256:0526/101136.455:VERBOSE1:net\base\network_delegate.cc:38] NetworkDelegate::NotifyBeforeURLRequest: https://fonts.gstatic.com/s/outfit/v15/QGYvz_MVcBeNP4NJtEtq.woff2
[23680:19256:0526/101136.459:VERBOSE1:net\base\network_delegate.cc:38] NetworkDelegate::NotifyBeforeURLRequest: https://fonts.gstatic.com/s/firacode/v27/uU9NCBsR6Z2vfE9aq3bh3dSD.woff2
[23680:19256:0526/101136.463:VERBOSE1:net\base\network_delegate.cc:38] NetworkDelegate::NotifyBeforeURLRequest: https://fonts.gstatic.com/s/spacegrotesk/v22/V8mDoQDjQSkFtoMM3T6r8E7mPbF4Cw.woff2
[23680:19256:0526/101136.595:VERBOSE1:net\base\network_delegate.cc:38] NetworkDelegate::NotifyBeforeURLRequest: https://clients2.googleusercontent.com/crx/blobs/AXJDbcCqoB4CPyE4gvRhS3kPM6221R7Kc8-abPXq5j9hh56vHUwLn-s7Dkmr70fGNuaZAYLOT6_ZDGyUfE0-PVseug5GglHat1FDg3ozqu9gXqeXe4tKJUML7gvfodTV9Q9eAMZSmuVtjv0zGU5FHxjmAz1j_R1gbf8boQ/EFAIDNBMNNNIBPCAJPCGLCLEFINDMKAJ_26_5_1_0.crx
[23680:19256:0526/101136.667:VERBOSE1:net\base\network_delegate.cc:38] NetworkDelegate::NotifyBeforeURLRequest: https://fonts.gstatic.com/s/outfit/v15/QGYvz_MVcBeNP4NJtEtq.woff2
[23680:19256:0526/101136.671:VERBOSE1:net\base\network_delegate.cc:38] NetworkDelegate::NotifyBeforeURLRequest: https://fonts.gstatic.com/s/firacode/v27/uU9NCBsR6Z2vfE9aq3bh3dSD.woff2
[23680:19256:0526/101136.672:VERBOSE1:net\base\network_delegate.cc:38] NetworkDelegate::NotifyBeforeURLRequest: https://fonts.gstatic.com/s/spacegrotesk/v22/V8mDoQDjQSkFtoMM3T6r8E7mPbF4Cw.woff2
[23680:19256:0526/101136.677:VERBOSE1:net\third_party\quiche\src\quiche\quic\core\tls_handshaker.cc:109] TlsClient: Continuing handshake
[23680:19256:0526/101136.702:VERBOSE1:net\third_party\quiche\src\quiche\quic\core\tls_handshaker.cc:109] TlsClient: Continuing handshake
[23680:19256:0526/101136.702:VERBOSE1:net\third_party\quiche\src\quiche\quic\core\tls_handshaker.cc:109] TlsClient: Continuing handshake
[23680:19256:0526/101136.704:VERBOSE1:net\third_party\quiche\src\quiche\quic\core\tls_handshaker.cc:109] TlsClient: Continuing handshake
[23680:19256:0526/101136.704:VERBOSE1:net\third_party\quiche\src\quiche\quic\core\tls_handshaker.cc:109] TlsClient: Continuing handshake
[23680:19256:0526/101136.704:VERBOSE1:net\third_party\quiche\src\quiche\quic\core\tls_handshaker.cc:109] TlsClient: Continuing handshake
[23680:19256:0526/101136.706:VERBOSE1:net\third_party\quiche\src\quiche\quic\core\tls_handshaker.cc:109] TlsClient: Continuing handshake
[12656:840:0526/101137.357:VERBOSE1:chrome\browser\profiles\profile_manager.cc:1408] AddKeepAlive(Default, kExtensionUpdater). keep_alives=[kWaitingForFirstBrowserWindow (1), kOffTheRecordProfile (1), kExtensionUpdater (2)]
[23680:19256:0526/101137.357:VERBOSE1:net\base\network_delegate.cc:38] NetworkDelegate::NotifyBeforeURLRequest: http://redirector.gvt1.com/edgedl/chromewebstore/L2Nocm9tZV9leHRlbnNpb24vYmxvYnMvNzI0QUFXNV9zT2RvdUwyMERESEZGVmJnQQ/1.0.0.6_nmmhkkegccagdldgiimedpiccmgmieda.crx
[22072:21688:0526/101137.467:VERBOSE1:third_party\zlib\google\zip.cc:183] Skipped ZIP entry 'signInAdobeYolo.html'
[22072:21688:0526/101137.467:VERBOSE1:third_party\zlib\google\zip.cc:183] Skipped ZIP entry 'dist/'
[22072:21688:0526/101137.468:VERBOSE1:third_party\zlib\google\zip.cc:183] Skipped ZIP entry 'localFileSignInRedirection.html'
[22072:21688:0526/101137.468:VERBOSE1:third_party\zlib\google\zip.cc:183] Skipped ZIP entry 'sw_modules/'
[22072:21688:0526/101137.469:VERBOSE1:third_party\zlib\google\zip.cc:183] Skipped ZIP entry 'resources/'
[22072:21688:0526/101137.469:VERBOSE1:third_party\zlib\google\zip.cc:183] Skipped ZIP entry 'libs/'
[22072:21688:0526/101137.470:VERBOSE1:third_party\zlib\google\zip.cc:183] Skipped ZIP entry 'browser/'
[22072:21688:0526/101137.470:VERBOSE1:third_party\zlib\google\zip.cc:183] Skipped ZIP entry 'common/'
[22072:21688:0526/101137.471:VERBOSE1:third_party\zlib\google\zip.cc:183] Skipped ZIP entry 'viewer.html'
[22072:21688:0526/101137.473:VERBOSE1:third_party\zlib\google\zip.cc:183] Skipped ZIP entry 'schema.json'
[22072:21688:0526/101137.473:VERBOSE1:third_party\zlib\google\zip.cc:183] Skipped ZIP entry 'sessionExpired.html'
[22072:21688:0526/101137.474:VERBOSE1:third_party\zlib\google\zip.cc:183] Skipped ZIP entry 'extension-detection.html'
[22072:21688:0526/101137.474:VERBOSE1:third_party\zlib\google\zip.cc:183] Skipped ZIP entry '_locales/'
[22072:21688:0526/101137.474:VERBOSE1:third_party\zlib\google\zip.cc:183] Skipped ZIP entry 'service-worker.js'
[22072:21688:0526/101137.474:VERBOSE1:third_party\zlib\google\zip.cc:183] Skipped ZIP entry 'signInHandler.html'
[22072:21688:0526/101137.475:VERBOSE1:third_party\zlib\google\zip.cc:183] Skipped ZIP entry 'content_scripts/'
[22072:21688:0526/101137.475:VERBOSE1:third_party\zlib\google\zip.cc:183] Skipped ZIP entry 'dist/ProgressCircle.js'
[22072:21688:0526/101137.475:VERBOSE1:third_party\zlib\google\zip.cc:183] Skipped ZIP entry 'dist/PreferencePage.js'
[22072:21688:0526/101137.475:VERBOSE1:third_party\zlib\google\zip.cc:183] Skipped ZIP entry 'dist/PdfToolsDropdown.js.LICENSE.txt'
[22072:21688:0526/101137.476:VERBOSE1:third_party\zlib\google\zip.cc:183] Skipped ZIP entry 'dist/ToastManager.js.LICENSE.txt'
[22072:21688:0526/101137.476:VERBOSE1:third_party\zlib\google\zip.cc:183] Skipped ZIP entry 'dist/ProgressCircle.js.LICENSE.txt'
[22072:21688:0526/101137.477:VERBOSE1:third_party\zlib\google\zip.cc:183] Skipped ZIP entry 'dist/TabPilot.css'
[22072:21688:0526/101137.477:VERBOSE1:third_party\zlib\google\zip.cc:183] Skipped ZIP entry 'dist/vendor.js.LICENSE.txt'
[22072:21688:0526/101137.477:VERBOSE1:third_party\zlib\google\zip.cc:183] Skipped ZIP entry 'dist/CompressPDFMessageView.js.LICENSE.txt'
[22072:21688:0526/101137.477:VERBOSE1:third_party\zlib\google\zip.cc:183] Skipped ZIP entry 'dist/vendor.js'
[22072:21688:0526/101137.478:VERBOSE1:third_party\zlib\google\zip.cc:183] Skipped ZIP entry 'dist/TabPilotEmbeddings.js.LICENSE.txt'
[22072:21688:0526/101137.478:VERBOSE1:third_party\zlib\google\zip.cc:183] Skipped ZIP entry 'dist/TabPilot.js.LICENSE.txt'
[22072:21688:0526/101137.478:VERBOSE1:third_party\zlib\google\zip.cc:183] Skipped ZIP entry 'dist/TabPilotEmbeddings.js'
[22072:21688:0526/101137.478:VERBOSE1:third_party\zlib\google\zip.cc:183] Skipped ZIP entry 'dist/FloatingActionButton.js'
[22072:21688:0526/101137.479:VERBOSE1:third_party\zlib\google\zip.cc:183] Skipped ZIP entry 'dist/chrome_content_scripts_utils_util_js.js'
[22072:21688:0526/101137.479:VERBOSE1:third_party\zlib\google\zip.cc:183] Skipped ZIP entry 'dist/CompressPDFMessageView.js'
[23680:19256:0526/101137.479:VERBOSE1:net\base\network_delegate.cc:38] NetworkDelegate::NotifyBeforeURLRequest: http://r7---sn-gwpa-5hqel.gvt1.com/edgedl/chromewebstore/L2Nocm9tZV9leHRlbnNpb24vYmxvYnMvNzI0QUFXNV9zT2RvdUwyMERESEZGVmJnQQ/1.0.0.6_nmmhkkegccagdldgiimedpiccmgmieda.crx?cms_redirect=yes&met=1779770497,&mh=e_&mip=2405:201:2012:28b7:acd6:5c8a:977c:ceba&mm=28&mn=sn-gwpa-5hqel&ms=nvh&mt=1779770089&mv=u&mvi=7&pl=53&rmhost=r3---sn-gwpa-5hqel.gvt1.com&rms=nvh,nvh&shardbypass=sd&smhost=r3---sn-gwpa-5hqr.gvt1.com
[22072:21688:0526/101137.479:VERBOSE1:third_party\zlib\google\zip.cc:183] Skipped ZIP entry 'dist/chrome_content_scripts_gmail_native-viewer-pdf-tools-module_js.js'
[22072:21688:0526/101137.479:VERBOSE1:third_party\zlib\google\zip.cc:183] Skipped ZIP entry 'dist/610.js'
[22072:21688:0526/101137.480:VERBOSE1:third_party\zlib\google\zip.cc:183] Skipped ZIP entry 'dist/PreferencePage.js.LICENSE.txt'
[22072:21688:0526/101137.480:VERBOSE1:third_party\zlib\google\zip.cc:183] Skipped ZIP entry 'dist/TabPilot.js'
[22072:21688:0526/101137.480:VERBOSE1:third_party\zlib\google\zip.cc:183] Skipped ZIP entry 'dist/FloatingActionButton.js.LICENSE.txt'
[22072:21688:0526/101137.481:VERBOSE1:third_party\zlib\google\zip.cc:183] Skipped ZIP entry 'dist/otherVendors.js'
[22072:21688:0526/101137.481:VERBOSE1:third_party\zlib\google\zip.cc:183] Skipped ZIP entry 'dist/SheetsSettingModal.js.LICENSE.txt'
[22072:21688:0526/101137.482:VERBOSE1:third_party\zlib\google\zip.cc:183] Skipped ZIP entry 'dist/PreferencePage.css'
[22072:21688:0526/101137.482:VERBOSE1:third_party\zlib\google\zip.cc:183] Skipped ZIP entry 'dist/SheetsSettingModal.js'
[22072:21688:0526/101137.482:VERBOSE1:third_party\zlib\google\zip.cc:183] Skipped ZIP entry 'dist/spectrum.js'
[22072:21688:0526/101137.483:VERBOSE1:third_party\zlib\google\zip.cc:183] Skipped ZIP entry 'dist/spectrum.css'
[22072:21688:0526/101137.483:VERBOSE1:third_party\zlib\google\zip.cc:183] Skipped ZIP entry 'dist/chrome_content_scripts_utils_fte-utils_js.js'
[22072:21688:0526/101137.483:VERBOSE1:third_party\zlib\google\zip.cc:183] Skipped ZIP entry 'dist/ToastManager.js'
[22072:21688:0526/101137.483:VERBOSE1:third_party\zlib\google\zip.cc:183] Skipped ZIP entry 'dist/preferences-config.json'
[22072:21688:0526/101137.484:VERBOSE1:third_party\zlib\google\zip.cc:183] Skipped ZIP entry 'dist/PdfToolsDropdown.js'
[22072:21688:0526/101137.484:VERBOSE1:third_party\zlib\google\zip.cc:183] Skipped ZIP entry 'dist/610.js.LICENSE.txt'
[22072:21688:0526/101137.484:VERBOSE1:third_party\zlib\google\zip.cc:183] Skipped ZIP entry 'dist/otherVendors.js.LICENSE.txt'
[22072:21688:0526/101137.484:VERBOSE1:third_party\zlib\google\zip.cc:183] Skipped ZIP entry 'sw_modules/context-menu-manager.js'
[22072:21688:0526/101137.485:VERBOSE1:third_party\zlib\google\zip.cc:183] Skipped ZIP entry 'sw_modules/touchpoints/'
[22072:21688:0526/101137.485:VERBOSE1:third_party\zlib\google\zip.cc:183] Skipped ZIP entry 'sw_modules/analytics-event-cleanup.js'
[22072:21688:0526/101137.486:VERBOSE1:third_party\zlib\google\zip.cc:183] Skipped ZIP entry 'sw_modules/storage-analyzer-utils.js'
[22072:21688:0526/101137.486:VERBOSE1:third_party\zlib\google\zip.cc:183] Skipped ZIP entry 'sw_modules/acro-gstate.js'
[22072:21688:0526/101137.486:VERBOSE1:third_party\zlib\google\zip.cc:183] Skipped ZIP entry 'sw_modules/proxy.js'
[22072:21688:0526/101137.486:VERBOSE1:third_party\zlib\google\zip.cc:183] Skipped ZIP entry 'sw_modules/floodgate.js'
[22072:21688:0526/101137.487:VERBOSE1:third_party\zlib\google\zip.cc:183] Skipped ZIP entry 'sw_modules/gmail-document-start-module.js'
[22072:21688:0526/101137.487:VERBOSE1:third_party\zlib\google\zip.cc:183] Skipped ZIP entry 'sw_modules/storage-migration.js'
[22072:21688:0526/101137.487:VERBOSE1:third_party\zlib\google\zip.cc:183] Skipped ZIP entry 'sw_modules/gmail-convert-email-pdf-module.js'
[22072:21688:0526/101137.487:VERBOSE1:third_party\zlib\google\zip.cc:183] Skipped ZIP entry 'sw_modules/viewer-module.js'
[22072:21688:0526/101137.487:VERBOSE1:third_party\zlib\google\zip.cc:183] Skipped ZIP entry 'sw_modules/handleVersionChecks.js'
[22072:21688:0526/101137.488:VERBOSE1:third_party\zlib\google\zip.cc:183] Skipped ZIP entry 'sw_modules/util.js'
[22072:21688:0526/101137.490:VERBOSE1:third_party\zlib\google\zip.cc:183] Skipped ZIP entry 'sw_modules/pinned-analytics.js'
[22072:21688:0526/101137.491:VERBOSE1:third_party\zlib\google\zip.cc:183] Skipped ZIP entry 'sw_modules/floodgateMigration.js'
[22072:21688:0526/101137.491:VERBOSE1:third_party\zlib\google\zip.cc:183] Skipped ZIP entry 'sw_modules/site-visit-analytics.js'
[22072:21688:0526/101137.492:VERBOSE1:third_party\zlib\google\zip.cc:183] Skipped ZIP entry 'sw_modules/direct-verb-utils.js'
[22072:21688:0526/101137.492:VERBOSE1:third_party\zlib\google\zip.cc:183] Skipped ZIP entry 'sw_modules/force-reset-service.js'
[22072:21688:0526/101137.493:VERBOSE1:third_party\zlib\google\zip.cc:183] Skipped ZIP entry 'sw_modules/viewer-module-utils.js'
[22072:21688:0526/101137.494:VERBOSE1:third_party\zlib\google\zip.cc:183] Skipped ZIP entry 'sw_modules/externalClients.js'
[22072:21688:0526/101137.494:VERBOSE1:third_party\zlib\google\zip.cc:183] Skipped ZIP entry 'sw_modules/session.js'
[22072:21688:0526/101137.494:VERBOSE1:third_party\zlib\google\zip.cc:183] Skipped ZIP entry 'sw_modules/hydrate.js'
[22072:21688:0526/101137.494:VERBOSE1:third_party\zlib\google\zip.cc:183] Skipped ZIP entry 'sw_modules/express/'
[22072:21688:0526/101137.495:VERBOSE1:third_party\zlib\google\zip.cc:183] Skipped ZIP entry 'sw_modules/ch-context-menu.js'
[22072:21688:0526/101137.495:VERBOSE1:third_party\zlib\google\zip.cc:183] Skipped ZIP entry 'sw_modules/gemini-convert-to-pdf-module.js'
[22072:21688:0526/101137.495:VERBOSE1:third_party\zlib\google\zip.cc:183] Skipped ZIP entry 'sw_modules/download-manager.js'
[22072:21688:0526/101137.495:VERBOSE1:third_party\zlib\google\zip.cc:183] Skipped ZIP entry 'sw_modules/study-space-context-menu.js'
[22072:21688:0526/101137.496:VERBOSE1:third_party\zlib\google\zip.cc:183] Skipped ZIP entry 'sw_modules/direct-verb-inactive-tab-utils.js'
[22072:21688:0526/101137.496:VERBOSE1:third_party\zlib\google\zip.cc:183] Skipped ZIP entry 'sw_modules/polyfills.js'
[22072:21688:0526/101137.497:VERBOSE1:third_party\zlib\google\zip.cc:183] Skipped ZIP entry 'sw_modules/add-webpage-to-project.js'
[22072:21688:0526/101137.497:VERBOSE1:third_party\zlib\google\zip.cc:183] Skipped ZIP entry 'sw_modules/implicit-default-viewership-module.js'
[22072:21688:0526/101137.497:VERBOSE1:third_party\zlib\google\zip.cc:183] Skipped ZIP entry 'sw_modules/communicate.js'
[22072:21688:0526/101137.498:VERBOSE1:third_party\zlib\google\zip.cc:183] Skipped ZIP entry 'sw_modules/gmail-convert-to-pdf-module.js'
[22072:21688:0526/101137.498:VERBOSE1:third_party\zlib\google\zip.cc:183] Skipped ZIP entry 'sw_modules/gsuite/'
[22072:21688:0526/101137.499:VERBOSE1:third_party\zlib\google\zip.cc:183] Skipped ZIP entry 'sw_modules/private-api.js'
[22072:21688:0526/101137.499:VERBOSE1:third_party\zlib\google\zip.cc:183] Skipped ZIP entry 'sw_modules/gmail-compress-pdf-module.js'
[22072:21688:0526/101137.499:VERBOSE1:third_party\zlib\google\zip.cc:183] Skipped ZIP entry 'sw_modules/server-config.generated.js'
[22072:21688:0526/101137.500:VERBOSE1:third_party\zlib\google\zip.cc:183] Skipped ZIP entry 'sw_modules/linkedin-module.js'
[22072:21688:0526/101137.500:VERBOSE1:third_party\zlib\google\zip.cc:183] Skipped ZIP entry 'sw_modules/SidepanelState.js'
[22072:21688:0526/101137.500:VERBOSE1:third_party\zlib\google\zip.cc:183] Skipped ZIP entry 'sw_modules/whats-new-handler.js'
[22072:21688:0526/101137.501:VERBOSE1:third_party\zlib\google\zip.cc:183] Skipped ZIP entry 'sw_modules/llm-util.js'
[22072:21688:0526/101137.501:VERBOSE1:third_party\zlib\google\zip.cc:183] Skipped ZIP entry 'sw_modules/TimeoutPromise.js'
[22072:21688:0526/101137.501:VERBOSE1:third_party\zlib\google\zip.cc:183] Skipped ZIP entry 'sw_modules/feat.js'
[22072:21688:0526/101137.502:VERBOSE1:third_party\zlib\google\zip.cc:183] Skipped ZIP entry 'sw_modules/auth-provider.js'
[22072:21688:0526/101137.502:VERBOSE1:third_party\zlib\google\zip.cc:183] Skipped ZIP entry 'sw_modules/chatgpt-convert-to-pdf-module.js'
[22072:21688:0526/101137.503:VERBOSE1:third_party\zlib\google\zip.cc:183] Skipped ZIP entry 'sw_modules/temp-url-buffer-cleanup.js'
[22072:21688:0526/101137.503:VERBOSE1:third_party\zlib\google\zip.cc:183] Skipped ZIP entry 'sw_modules/acrobatUserDetails.js'
[22072:21688:0526/101137.503:VERBOSE1:third_party\zlib\google\zip.cc:183] Skipped ZIP entry 'sw_modules/express.js'
[22072:21688:0526/101137.503:VERBOSE1:third_party\zlib\google\zip.cc:183] Skipped ZIP entry 'sw_modules/constant.js'
[22072:21688:0526/101137.504:VERBOSE1:third_party\zlib\google\zip.cc:183] Skipped ZIP entry 'sw_modules/acro-actions.js'
[22072:21688:0526/101137.504:VERBOSE1:third_party\zlib\google\zip.cc:183] Skipped ZIP entry 'sw_modules/googleQueryAnalyzer.js'
[22072:21688:0526/101137.504:VERBOSE1:third_party\zlib\google\zip.cc:183] Skipped ZIP entry 'sw_modules/gmail-message-view-compress-pdf-module.js'
[22072:21688:0526/101137.505:VERBOSE1:third_party\zlib\google\zip.cc:183] Skipped ZIP entry 'sw_modules/sharepoint-module.js'
[22072:21688:0526/101137.505:VERBOSE1:third_party\zlib\google\zip.cc:183] Skipped ZIP entry 'sw_modules/ExplicitBlocklist.js'
[22072:21688:0526/101137.505:VERBOSE1:third_party\zlib\google\zip.cc:183] Skipped ZIP entry 'sw_modules/dynamic-tab-context-manager.js'
[22072:21688:0526/101137.505:VERBOSE1:third_party\zlib\google\zip.cc:183] Skipped ZIP entry 'sw_modules/acro-web2pdf.js'
[22072:21688:0526/101137.506:VERBOSE1:third_party\zlib\google\zip.cc:183] Skipped ZIP entry 'sw_modules/storage-analyzer.js'
[22072:21688:0526/101137.506:VERBOSE1:third_party\zlib\google\zip.cc:183] Skipped ZIP entry 'sw_modules/request-validator.js'
[22072:21688:0526/101137.506:VERBOSE1:third_party\zlib\google\zip.cc:183] Skipped ZIP entry 'sw_modules/frictionless-handler.js'
[22072:21688:0526/101137.507:VERBOSE1:third_party\zlib\google\zip.cc:183] Skipped ZIP entry 'sw_modules/common.js'
[22072:21688:0526/101137.507:VERBOSE1:third_party\zlib\google\zip.cc:183] Skipped ZIP entry 'sw_modules/offscreen-actions.js'
[22072:21688:0526/101137.507:VERBOSE1:third_party\zlib\google\zip.cc:183] Skipped ZIP entry 'sw_modules/perf-tracker.js'
[22072:21688:0526/101137.507:VERBOSE1:third_party\zlib\google\zip.cc:183] Skipped ZIP entry 'sw_modules/user-subscription.js'
[22072:21688:0526/101137.508:VERBOSE1:third_party\zlib\google\zip.cc:183] Skipped ZIP entry 'sw_modules/CacheStore.js'
[22072:21688:0526/101137.509:VERBOSE1:third_party\zlib\google\zip.cc:183] Skipped ZIP entry 'sw_modules/api-util.js'
[22072:21688:0526/101137.509:VERBOSE1:third_party\zlib\google\zip.cc:183] Skipped ZIP entry 'sw_modules/splunkAllowedLogs.js'
[22072:21688:0526/101137.509:VERBOSE1:third_party\zlib\google\zip.cc:183] Skipped ZIP entry 'sw_modules/target.js'
[22072:21688:0526/101137.510:VERBOSE1:third_party\zlib\google\zip.cc:183] Skipped ZIP entry 'sw_modules/migrate-legacy-keys.js'
[22072:21688:0526/101137.510:VERBOSE1:third_party\zlib\google\zip.cc:183] Skipped ZIP entry 'sw_modules/settings.js'
[22072:21688:0526/101137.510:VERBOSE1:third_party\zlib\google\zip.cc:183] Skipped ZIP entry 'resources/express/'
[22072:21688:0526/101137.510:VERBOSE1:third_party\zlib\google\zip.cc:183] Skipped ZIP entry 'resources/SidePanel/'
[22072:21688:0526/101137.511:VERBOSE1:third_party\zlib\google\zip.cc:183] Skipped ZIP entry 'resources/toast/'
[22072:21688:0526/101137.511:VERBOSE1:third_party\zlib\google\zip.cc:183] Skipped ZIP entry 'resources/addWebpage/'
[22072:21688:0526/101137.511:VERBOSE1:third_party\zlib\google\zip.cc:183] Skipped ZIP entry 'resources/chromeOS/'
[22072:21688:0526/101137.511:VERBOSE1:third_party\zlib\google\zip.cc:183] Skipped ZIP entry 'resources/outlook/'
[22072:21688:0526/101137.511:VERBOSE1:third_party\zlib\google\zip.cc:183] Skipped ZIP entry 'libs/lottie-light-esm.js'
[22072:21688:0526/101137.512:VERBOSE1:third_party\zlib\google\zip.cc:183] Skipped ZIP entry 'libs/readability.js'
[22072:21688:0526/101137.512:VERBOSE1:third_party\zlib\google\zip.cc:183] Skipped ZIP entry 'libs/jquery-3.1.1.min.js'
[22072:21688:0526/101137.512:VERBOSE1:third_party\zlib\google\zip.cc:183] Skipped ZIP entry 'libs/readability.js.map'
[22072:21688:0526/101137.512:VERBOSE1:third_party\zlib\google\zip.cc:183] Skipped ZIP entry 'libs/jquery-3.1.1.js'
[22072:21688:0526/101137.512:VERBOSE1:third_party\zlib\google\zip.cc:183] Skipped ZIP entry 'browser/css/'
[22072:21688:0526/101137.512:VERBOSE1:third_party\zlib\google\zip.cc:183] Skipped ZIP entry 'browser/images/'
[22072:21688:0526/101137.513:VERBOSE1:third_party\zlib\google\zip.cc:183] Skipped ZIP entry 'browser/js/'
[22072:21688:0526/101137.513:VERBOSE1:third_party\zlib\google\zip.cc:183] Skipped ZIP entry 'browser/data/'
[22072:21688:0526/101137.513:VERBOSE1:third_party\zlib\google\zip.cc:183] Skipped ZIP entry 'common/experimentUtils.js'
[22072:21688:0526/101137.513:VERBOSE1:third_party\zlib\google\zip.cc:183] Skipped ZIP entry 'common/visitorIdCookieSync.js'
[22072:21688:0526/101137.514:VERBOSE1:third_party\zlib\google\zip.cc:183] Skipped ZIP entry 'common/temporaryURLBufferIndexDB.js'
[22072:21688:0526/101137.514:VERBOSE1:third_party\zlib\google\zip.cc:183] Skipped ZIP entry 'common/calendarUtils.js'
[22072:21688:0526/101137.514:VERBOSE1:third_party\zlib\google\zip.cc:183] Skipped ZIP entry 'common/util.js'
[22072:21688:0526/101137.514:VERBOSE1:third_party\zlib\google\zip.cc:183] Skipped ZIP entry 'common/pdf-rendering-tracking.js'
[22072:21688:0526/101137.515:VERBOSE1:third_party\zlib\google\zip.cc:183] Skipped ZIP entry 'common/calendarUtils.test.js'
[22072:21688:0526/101137.515:VERBOSE1:third_party\zlib\google\zip.cc:183] Skipped ZIP entry 'common/analyticsOverrideConfigManager.js'
[22072:21688:0526/101137.515:VERBOSE1:third_party\zlib\google\zip.cc:183] Skipped ZIP entry 'common/analyticsIndexedDB.js'
[22072:21688:0526/101137.516:VERBOSE1:third_party\zlib\google\zip.cc:183] Skipped ZIP entry 'common/splunkAllowedEvents.js'
[22072:21688:0526/101137.516:VERBOSE1:third_party\zlib\google\zip.cc:183] Skipped ZIP entry 'common/idbLogging.test.js'
[22072:21688:0526/101137.516:VERBOSE1:third_party\zlib\google\zip.cc:183] Skipped ZIP entry 'common/indexDB.js'
[22072:21688:0526/101137.516:VERBOSE1:third_party\zlib\google\zip.cc:183] Skipped ZIP entry 'common/expressindexedDB.js'
[22072:21688:0526/101137.517:VERBOSE1:third_party\zlib\google\zip.cc:183] Skipped ZIP entry 'common/large-blob-storage.js'
[22072:21688:0526/101137.517:VERBOSE1:third_party\zlib\google\zip.cc:183] Skipped ZIP entry 'common/analyticsThrottlingService.js'
[22072:21688:0526/101137.517:VERBOSE1:third_party\zlib\google\zip.cc:183] Skipped ZIP entry 'common/navigation-helper.js'
[22072:21688:0526/101137.517:VERBOSE1:third_party\zlib\google\zip.cc:183] Skipped ZIP entry 'common/loggingApi.js'
[22072:21688:0526/101137.518:VERBOSE1:third_party\zlib\google\zip.cc:183] Skipped ZIP entry 'common/constant.js'
[22072:21688:0526/101137.518:VERBOSE1:third_party\zlib\google\zip.cc:183] Skipped ZIP entry 'common/analytics.js'
[22072:21688:0526/101137.518:VERBOSE1:third_party\zlib\google\zip.cc:183] Skipped ZIP entry 'common/idbLogging.js'
[22072:21688:0526/101137.519:VERBOSE1:third_party\zlib\google\zip.cc:183] Skipped ZIP entry 'common/local-storage.js'
[22072:21688:0526/101137.519:VERBOSE1:third_party\zlib\google\zip.cc:183] Skipped ZIP entry 'common/locale.js'
[22072:21688:0526/101137.519:VERBOSE1:third_party\zlib\google\zip.cc:183] Skipped ZIP entry '_locales/sl/'
[22072:21688:0526/101137.520:VERBOSE1:third_party\zlib\google\zip.cc:183] Skipped ZIP entry '_locales/sk/'
[22072:21688:0526/101137.520:VERBOSE1:third_party\zlib\google\zip.cc:183] Skipped ZIP entry '_locales/pl/'
[22072:21688:0526/101137.521:VERBOSE1:third_party\zlib\google\zip.cc:183] Skipped ZIP entry '_locales/sv/'
[22072:21688:0526/101137.521:VERBOSE1:third_party\zlib\google\zip.cc:183] Skipped ZIP entry '_locales/da/'
[22072:21688:0526/101137.521:VERBOSE1:third_party\zlib\google\zip.cc:183] Skipped ZIP entry '_locales/pt_BR/'
[22072:21688:0526/101137.522:VERBOSE1:third_party\zlib\google\zip.cc:183] Skipped ZIP entry '_locales/ja/'
[22072:21688:0526/101137.523:VERBOSE1:third_party\zlib\google\zip.cc:183] Skipped ZIP entry '_locales/it/'
[22072:21688:0526/101137.523:VERBOSE1:third_party\zlib\google\zip.cc:183] Skipped ZIP entry '_locales/ca/'
[22072:21688:0526/101137.523:VERBOSE1:third_party\zlib\google\zip.cc:183] Skipped ZIP entry '_locales/zh_TW/'
[22072:21688:0526/101137.524:VERBOSE1:third_party\zlib\google\zip.cc:183] Skipped ZIP entry '_locales/cs/'
[22072:21688:0526/101137.524:VERBOSE1:third_party\zlib\google\zip.cc:183] Skipped ZIP entry '_locales/ru/'
[22072:21688:0526/101137.524:VERBOSE1:third_party\zlib\google\zip.cc:183] Skipped ZIP entry '_locales/ro/'
[22072:21688:0526/101137.524:VERBOSE1:third_party\zlib\google\zip.cc:183] Skipped ZIP entry '_locales/zh_CN/'
[22072:21688:0526/101137.525:VERBOSE1:third_party\zlib\google\zip.cc:183] Skipped ZIP entry '_locales/pt/'
[22072:21688:0526/101137.525:VERBOSE1:third_party\zlib\google\zip.cc:183] Skipped ZIP entry '_locales/zh/'
[22072:21688:0526/101137.525:VERBOSE1:third_party\zlib\google\zip.cc:183] Skipped ZIP entry '_locales/uk/'
[22072:21688:0526/101137.525:VERBOSE1:third_party\zlib\google\zip.cc:183] Skipped ZIP entry '_locales/en_GB/'
[22072:21688:0526/101137.526:VERBOSE1:third_party\zlib\google\zip.cc:183] Skipped ZIP entry '_locales/hr/'
[22072:21688:0526/101137.526:VERBOSE1:third_party\zlib\google\zip.cc:183] Skipped ZIP entry '_locales/hu/'
[22072:21688:0526/101137.526:VERBOSE1:third_party\zlib\google\zip.cc:183] Skipped ZIP entry '_locales/nl/'
[22072:21688:0526/101137.527:VERBOSE1:third_party\zlib\google\zip.cc:183] Skipped ZIP entry '_locales/nb/'
[22072:21688:0526/101137.527:VERBOSE1:third_party\zlib\google\zip.cc:183] Skipped ZIP entry '_locales/de/'
[22072:21688:0526/101137.527:VERBOSE1:third_party\zlib\google\zip.cc:183] Skipped ZIP entry '_locales/ko/'
[22072:21688:0526/101137.527:VERBOSE1:third_party\zlib\google\zip.cc:183] Skipped ZIP entry '_locales/fi/'
[22072:21688:0526/101137.527:VERBOSE1:third_party\zlib\google\zip.cc:183] Skipped ZIP entry '_locales/fr/'
[22072:21688:0526/101137.528:VERBOSE1:third_party\zlib\google\zip.cc:183] Skipped ZIP entry '_locales/es/'
[22072:21688:0526/101137.528:VERBOSE1:third_party\zlib\google\zip.cc:183] Skipped ZIP entry '_locales/en/'
[22072:21688:0526/101137.528:VERBOSE1:third_party\zlib\google\zip.cc:183] Skipped ZIP entry '_locales/eu/'
[22072:21688:0526/101137.529:VERBOSE1:third_party\zlib\google\zip.cc:183] Skipped ZIP entry '_locales/tr/'
[22072:21688:0526/101137.529:VERBOSE1:third_party\zlib\google\zip.cc:183] Skipped ZIP entry 'content_scripts/touchpoints/'
[22072:21688:0526/101137.529:VERBOSE1:third_party\zlib\google\zip.cc:183] Skipped ZIP entry 'content_scripts/extract-webpage-html.js'
[22072:21688:0526/101137.529:VERBOSE1:third_party\zlib\google\zip.cc:183] Skipped ZIP entry 'content_scripts/upload-button-analytics.js'
[22072:21688:0526/101137.530:VERBOSE1:third_party\zlib\google\zip.cc:183] Skipped ZIP entry 'content_scripts/gmail-document-end-content-script.js'
[22072:21688:0526/101137.530:VERBOSE1:third_party\zlib\google\zip.cc:183] Skipped ZIP entry 'content_scripts/content-util.js'
[22072:21688:0526/101137.530:VERBOSE1:third_party\zlib\google\zip.cc:183] Skipped ZIP entry 'content_scripts/gemini/'
[22072:21688:0526/101137.530:VERBOSE1:third_party\zlib\google\zip.cc:183] Skipped ZIP entry 'content_scripts/whats-new-content-script.js'
[22072:21688:0526/101137.531:VERBOSE1:third_party\zlib\google\zip.cc:183] Skipped ZIP entry 'content_scripts/express/'
[22072:21688:0526/101137.531:VERBOSE1:third_party\zlib\google\zip.cc:183] Skipped ZIP entry 'content_scripts/SidePanel/'
[22072:21688:0526/101137.532:VERBOSE1:third_party\zlib\google\zip.cc:183] Skipped ZIP entry 'content_scripts/injectCopyLSIframe.js'
[22072:21688:0526/101137.532:VERBOSE1:third_party\zlib\google\zip.cc:183] Skipped ZIP entry 'content_scripts/msword-analytics.js'
[22072:21688:0526/101137.533:VERBOSE1:third_party\zlib\google\zip.cc:183] Skipped ZIP entry 'content_scripts/ch-content-script-dend.js'
[22072:21688:0526/101137.533:VERBOSE1:third_party\zlib\google\zip.cc:183] Skipped ZIP entry 'content_scripts/addWebpage/'
[22072:21688:0526/101137.533:VERBOSE1:third_party\zlib\google\zip.cc:183] Skipped ZIP entry 'content_scripts/gdrive-content-script.js'
[22072:21688:0526/101137.533:VERBOSE1:third_party\zlib\google\zip.cc:183] Skipped ZIP entry 'content_scripts/content-script-idle.js'
[22072:21688:0526/101137.534:VERBOSE1:third_party\zlib\google\zip.cc:183] Skipped ZIP entry 'content_scripts/content-script-utils.js'
[22072:21688:0526/101137.534:VERBOSE1:third_party\zlib\google\zip.cc:183] Skipped ZIP entry 'content_scripts/remote-execution/'
[22072:21688:0526/101137.534:VERBOSE1:third_party\zlib\google\zip.cc:183] Skipped ZIP entry 'content_scripts/utils/'
[22072:21688:0526/101137.534:VERBOSE1:third_party\zlib\google\zip.cc:183] Skipped ZIP entry 'content_scripts/gdrive/'
[22072:21688:0526/101137.534:VERBOSE1:third_party\zlib\google\zip.cc:183] Skipped ZIP entry 'content_scripts/gdrive-download-page-content-script.js'
[22072:21688:0526/101137.535:VERBOSE1:third_party\zlib\google\zip.cc:183] Skipped ZIP entry 'content_scripts/injectBannerIframe.js'
[22072:21688:0526/101137.535:VERBOSE1:third_party\zlib\google\zip.cc:183] Skipped ZIP entry 'content_scripts/ToastManager/'
[22072:21688:0526/101137.536:VERBOSE1:third_party\zlib\google\zip.cc:183] Skipped ZIP entry 'content_scripts/get-html-enhanced.js'
[22072:21688:0526/101137.536:VERBOSE1:third_party\zlib\google\zip.cc:183] Skipped ZIP entry 'content_scripts/prompts/'
[22072:21688:0526/101137.536:VERBOSE1:third_party\zlib\google\zip.cc:183] Skipped ZIP entry 'content_scripts/extension-detection-handshake.js'
[22072:21688:0526/101137.536:VERBOSE1:third_party\zlib\google\zip.cc:183] Skipped ZIP entry 'content_scripts/injectAIMarker.js'
[22072:21688:0526/101137.538:VERBOSE1:third_party\zlib\google\zip.cc:183] Skipped ZIP entry 'content_scripts/blob-cache-cleanup.js'
[22072:21688:0526/101137.538:VERBOSE1:third_party\zlib\google\zip.cc:183] Skipped ZIP entry 'content_scripts/gmail-document-start-content-script.js'
[22072:21688:0526/101137.538:VERBOSE1:third_party\zlib\google\zip.cc:183] Skipped ZIP entry 'content_scripts/chatgpt/'
[22072:21688:0526/101137.539:VERBOSE1:third_party\zlib\google\zip.cc:183] Skipped ZIP entry 'content_scripts/embeddedpdfs/'
[22072:21688:0526/101137.539:VERBOSE1:third_party\zlib\google\zip.cc:183] Skipped ZIP entry 'content_scripts/gdocs/'
[22072:21688:0526/101137.539:VERBOSE1:third_party\zlib\google\zip.cc:183] Skipped ZIP entry 'content_scripts/ch-content-script.js'
[22072:21688:0526/101137.540:VERBOSE1:third_party\zlib\google\zip.cc:183] Skipped ZIP entry 'content_scripts/get-html.js'
[22072:21688:0526/101137.540:VERBOSE1:third_party\zlib\google\zip.cc:183] Skipped ZIP entry 'content_scripts/gmail/'
[22072:21688:0526/101137.540:VERBOSE1:third_party\zlib\google\zip.cc:183] Skipped ZIP entry 'content_scripts/linkedin/'
[22072:21688:0526/101137.541:VERBOSE1:third_party\zlib\google\zip.cc:183] Skipped ZIP entry 'content_scripts/acrobat-content-script.js'
[22072:21688:0526/101137.541:VERBOSE1:third_party\zlib\google\zip.cc:183] Skipped ZIP entry 'content_scripts/outlook/'
[22072:21688:0526/101137.541:VERBOSE1:third_party\zlib\google\zip.cc:183] Skipped ZIP entry 'sw_modules/touchpoints/touchpoint-init-router.js'
[22072:21688:0526/101137.541:VERBOSE1:third_party\zlib\google\zip.cc:183] Skipped ZIP entry 'sw_modules/touchpoints/touchpoint-init-factory.js'
[22072:21688:0526/101137.542:VERBOSE1:third_party\zlib\google\zip.cc:183] Skipped ZIP entry 'sw_modules/touchpoints/touchpoint-registry.js'
[22072:21688:0526/101137.542:VERBOSE1:third_party\zlib\google\zip.cc:183] Skipped ZIP entry 'sw_modules/express/express-context-menu.js'
[22072:21688:0526/101137.542:VERBOSE1:third_party\zlib\google\zip.cc:183] Skipped ZIP entry 'sw_modules/express/express-enablement.js'
[22072:21688:0526/101137.542:VERBOSE1:third_party\zlib\google\zip.cc:183] Skipped ZIP entry 'sw_modules/gsuite/util.js'
[22072:21688:0526/101137.542:VERBOSE1:third_party\zlib\google\zip.cc:183] Skipped ZIP entry 'sw_modules/gsuite/google-docs-module.js'
[22072:21688:0526/101137.543:VERBOSE1:third_party\zlib\google\zip.cc:183] Skipped ZIP entry 'resources/express/expressContextualFTE.html'
[22072:21688:0526/101137.543:VERBOSE1:third_party\zlib\google\zip.cc:183] Skipped ZIP entry 'resources/express/imageToolsDropdown.html'
[22072:21688:0526/101137.543:VERBOSE1:third_party\zlib\google\zip.cc:183] Skipped ZIP entry 'resources/express/expressHoverCTA.html'
[22072:21688:0526/101137.543:VERBOSE1:third_party\zlib\google\zip.cc:183] Skipped ZIP entry 'resources/express/expressSingleClickCTA.html'
[22072:21688:0526/101137.543:VERBOSE1:third_party\zlib\google\zip.cc:183] Skipped ZIP entry 'resources/SidePanel/FABViewSettings.html'
[22072:21688:0526/101137.543:VERBOSE1:third_party\zlib\google\zip.cc:183] Skipped ZIP entry 'resources/SidePanel/index.html'
[22072:21688:0526/101137.544:VERBOSE1:third_party\zlib\google\zip.cc:183] Skipped ZIP entry 'resources/SidePanel/sidepanel.js'
[22072:21688:0526/101137.544:VERBOSE1:third_party\zlib\google\zip.cc:183] Skipped ZIP entry 'resources/SidePanel/signInSuccess.html'
[22072:21688:0526/101137.544:VERBOSE1:third_party\zlib\google\zip.cc:183] Skipped ZIP entry 'resources/SidePanel/ActionableCoachmark.html'
[22072:21688:0526/101137.544:VERBOSE1:third_party\zlib\google\zip.cc:183] Skipped ZIP entry 'resources/SidePanel/sidePanelUtil.js'
[22072:21688:0526/101137.545:VERBOSE1:third_party\zlib\google\zip.cc:183] Skipped ZIP entry 'resources/SidePanel/TrefoilLoader-NoPad.json'
[22072:21688:0526/101137.545:VERBOSE1:third_party\zlib\google\zip.cc:183] Skipped ZIP entry 'resources/SidePanel/signInSuccess.js'
[22072:21688:0526/101137.545:VERBOSE1:third_party\zlib\google\zip.cc:183] Skipped ZIP entry 'resources/SidePanel/upsellService.js'
[22072:21688:0526/101137.545:VERBOSE1:third_party\zlib\google\zip.cc:183] Skipped ZIP entry 'resources/SidePanel/sidePanelButton.html'
[22072:21688:0526/101137.546:VERBOSE1:third_party\zlib\google\zip.cc:183] Skipped ZIP entry 'resources/SidePanel/sidePanelUpsellSuccess.js'
[22072:21688:0526/101137.546:VERBOSE1:third_party\zlib\google\zip.cc:183] Skipped ZIP entry 'resources/SidePanel/sidePanelUpsellSuccess.html'
[22072:21688:0526/101137.546:VERBOSE1:third_party\zlib\google\zip.cc:183] Skipped ZIP entry 'resources/SidePanel/FABIcon.html'
[22072:21688:0526/101137.546:VERBOSE1:third_party\zlib\google\zip.cc:183] Skipped ZIP entry 'resources/toast/toast.html'
[22072:21688:0526/101137.546:VERBOSE1:third_party\zlib\google\zip.cc:183] Skipped ZIP entry 'resources/addWebpage/index.html'
[22072:21688:0526/101137.547:VERBOSE1:third_party\zlib\google\zip.cc:183] Skipped ZIP entry 'resources/addWebpage/addWebpage.js'
[22072:21688:0526/101137.547:VERBOSE1:third_party\zlib\google\zip.cc:183] Skipped ZIP entry 'resources/addWebpage/extractWebpageHTML.js'
[22072:21688:0526/101137.547:VERBOSE1:third_party\zlib\google\zip.cc:183] Skipped ZIP entry 'resources/chromeOS/handler.html'
[22072:21688:0526/101137.547:VERBOSE1:third_party\zlib\google\zip.cc:183] Skipped ZIP entry 'resources/chromeOS/handler.js'
[22072:21688:0526/101137.547:VERBOSE1:third_party\zlib\google\zip.cc:183] Skipped ZIP entry 'resources/outlook/error-toast.html'
[22072:21688:0526/101137.548:VERBOSE1:third_party\zlib\google\zip.cc:183] Skipped ZIP entry 'browser/css/popupUI.css'
[22072:21688:0526/101137.548:VERBOSE1:third_party\zlib\google\zip.cc:183] Skipped ZIP entry 'browser/css/express.css'
[22072:21688:0526/101137.548:VERBOSE1:third_party\zlib\google\zip.cc:183] Skipped ZIP entry 'browser/css/adobeYolo.css'
[22072:21688:0526/101137.548:VERBOSE1:third_party\zlib\google\zip.cc:183] Skipped ZIP entry 'browser/css/gdrive-content-script.css'
[22072:21688:0526/101137.549:VERBOSE1:third_party\zlib\google\zip.cc:183] Skipped ZIP entry 'browser/css/gemini-convert-to-pdf-touchpoint.css'
[22072:21688:0526/101137.549:VERBOSE1:third_party\zlib\google\zip.cc:183] Skipped ZIP entry 'browser/css/express-tooltip.css'
[22072:21688:0526/101137.549:VERBOSE1:third_party\zlib\google\zip.cc:183] Skipped ZIP entry 'browser/css/search-widget.css'
[22072:21688:0526/101137.550:VERBOSE1:third_party\zlib\google\zip.cc:183] Skipped ZIP entry 'browser/css/local-file-blocking-page.css'
[22072:21688:0526/101137.550:VERBOSE1:third_party\zlib\google\zip.cc:183] Skipped ZIP entry 'browser/css/progress.css'
[22072:21688:0526/101137.550:VERBOSE1:third_party\zlib\google\zip.cc:183] Skipped ZIP entry 'browser/css/local-file-prompt.css'
[22072:21688:0526/101137.551:VERBOSE1:third_party\zlib\google\zip.cc:183] Skipped ZIP entry 'browser/css/newAssistantPopup.css'
[22072:21688:0526/101137.551:VERBOSE1:third_party\zlib\google\zip.cc:183] Skipped ZIP entry 'browser/css/chatgpt-deep-research-convert-to-pdf.css'
[22072:21688:0526/101137.551:VERBOSE1:third_party\zlib\google\zip.cc:183] Skipped ZIP entry 'browser/css/gmail-content-script.css'
[22072:21688:0526/101137.551:VERBOSE1:third_party\zlib\google\zip.cc:183] Skipped ZIP entry 'browser/css/linkedin-content-script.css'
[22072:21688:0526/101137.551:VERBOSE1:third_party\zlib\google\zip.cc:183] Skipped ZIP entry 'browser/css/common.css'
[22072:21688:0526/101137.552:VERBOSE1:third_party\zlib\google\zip.cc:183] Skipped ZIP entry 'browser/css/fte.css'
[22072:21688:0526/101137.552:VERBOSE1:third_party\zlib\google\zip.cc:183] Skipped ZIP entry 'browser/css/failToast.css'
[22072:21688:0526/101137.552:VERBOSE1:third_party\zlib\google\zip.cc:183] Skipped ZIP entry 'browser/css/local-fte.css'
[22072:21688:0526/101137.552:VERBOSE1:third_party\zlib\google\zip.cc:183] Skipped ZIP entry 'browser/css/successToast.css'
[22072:21688:0526/101137.553:VERBOSE1:third_party\zlib\google\zip.cc:183] Skipped ZIP entry 'browser/css/core.css'
[22072:21688:0526/101137.553:VERBOSE1:third_party\zlib\google\zip.cc:183] Skipped ZIP entry 'browser/css/google-docs-convert-to-pdf-touch-point.css'
[22072:21688:0526/101137.553:VERBOSE1:third_party\zlib\google\zip.cc:183] Skipped ZIP entry 'browser/css/popup.css'
[22072:21688:0526/101137.554:VERBOSE1:third_party\zlib\google\zip.cc:183] Skipped ZIP entry 'browser/css/new-popup.css'
[22072:21688:0526/101137.554:VERBOSE1:third_party\zlib\google\zip.cc:183] Skipped ZIP entry 'browser/css/embedded-pdf-touch-point.css'
[22072:21688:0526/101137.554:VERBOSE1:third_party\zlib\google\zip.cc:183] Skipped ZIP entry 'browser/css/fonts/'
[22072:21688:0526/101137.555:VERBOSE1:third_party\zlib\google\zip.cc:183] Skipped ZIP entry 'browser/css/outlook-content-script.css'
[22072:21688:0526/101137.555:VERBOSE1:third_party\zlib\google\zip.cc:183] Skipped ZIP entry 'browser/css/options.css'
[22072:21688:0526/101137.555:VERBOSE1:third_party\zlib\google\zip.cc:183] Skipped ZIP entry 'browser/css/download-banner.css'
[22072:21688:0526/101137.555:VERBOSE1:third_party\zlib\google\zip.cc:183] Skipped ZIP entry 'browser/css/frictionless-offline.css'
[22072:21688:0526/101137.557:VERBOSE1:third_party\zlib\google\zip.cc:183] Skipped ZIP entry 'browser/css/session-expired-error.css'
[22072:21688:0526/101137.557:VERBOSE1:third_party\zlib\google\zip.cc:183] Skipped ZIP entry 'browser/css/gdrive-touchpoint-service.css'
[22072:21688:0526/101137.558:VERBOSE1:third_party\zlib\google\zip.cc:183] Skipped ZIP entry 'browser/images/S_Pdf-to-ppt_18.svg'
[22072:21688:0526/101137.558:VERBOSE1:third_party\zlib\google\zip.cc:183] Skipped ZIP entry 'browser/images/s_about_info_14_n.svg'
[22072:21688:0526/101137.558:VERBOSE1:third_party\zlib\google\zip.cc:183] Skipped ZIP entry 'browser/images/AllRowsOnOnePage-Landscape_light.svg'
[22072:21688:0526/101137.558:VERBOSE1:third_party\zlib\google\zip.cc:183] Skipped ZIP entry 'browser/images/adobeyoloimage.png'
[22072:21688:0526/101137.559:VERBOSE1:third_party\zlib\google\zip.cc:183] Skipped ZIP entry 'browser/images/SDC_VisibilityOff_18_N.svg'
[22072:21688:0526/101137.559:VERBOSE1:third_party\zlib\google\zip.cc:183] Skipped ZIP entry 'browser/images/SDC_ShowMenu_18_N.svg'
[22072:21688:0526/101137.559:VERBOSE1:third_party\zlib\google\zip.cc:183] Skipped ZIP entry 'browser/images/SDC_AcrobatAppIcon_16_N.svg'
[22072:21688:0526/101137.559:VERBOSE1:third_party\zlib\google\zip.cc:183] Skipped ZIP entry 'browser/images/s_pdftoexcel_18_n.svg'
[22072:21688:0526/101137.560:VERBOSE1:third_party\zlib\google\zip.cc:183] Skipped ZIP entry 'browser/images/s_pdfconvert_18_n.svg'
[22072:21688:0526/101137.560:VERBOSE1:third_party\zlib\google\zip.cc:183] Skipped ZIP entry 'browser/images/S_Request-Signatures_18.svg'
[22072:21688:0526/101137.560:VERBOSE1:third_party\zlib\google\zip.cc:183] Skipped ZIP entry 'browser/images/acrobat_prodc_appicon_24.svg'
[22072:21688:0526/101137.560:VERBOSE1:third_party\zlib\google\zip.cc:183] Skipped ZIP entry 'browser/images/outlook-error-toast-icon.svg'
[22072:21688:0526/101137.560:VERBOSE1:third_party\zlib\google\zip.cc:183] Skipped ZIP entry 'browser/images/express_insert_objects.svg'
[22072:21688:0526/101137.561:VERBOSE1:third_party\zlib\google\zip.cc:183] Skipped ZIP entry 'browser/images/S_Pdf-to-word_18.svg'
[22072:21688:0526/101137.561:VERBOSE1:third_party\zlib\google\zip.cc:183] Skipped ZIP entry 'browser/images/ExpressApplyEffects.png'
[22072:21688:0526/101137.561:VERBOSE1:third_party\zlib\google\zip.cc:183] Skipped ZIP entry 'browser/images/DC_FileError_160.svg'
[22072:21688:0526/101137.561:VERBOSE1:third_party\zlib\google\zip.cc:183] Skipped ZIP entry 'browser/images/S_ChevronDownMedium_S.svg'
[22072:21688:0526/101137.561:VERBOSE1:third_party\zlib\google\zip.cc:183] Skipped ZIP entry 'browser/images/s_crosslarge_white.svg'
[22072:21688:0526/101137.562:VERBOSE1:third_party\zlib\google\zip.cc:183] Skipped ZIP entry 'browser/images/ExpressRemoveBackground.png'
[22072:21688:0526/101137.562:VERBOSE1:third_party\zlib\google\zip.cc:183] Skipped ZIP entry 'browser/images/S_Pdf-to-jpg_18.svg'
[22072:21688:0526/101137.562:VERBOSE1:third_party\zlib\google\zip.cc:183] Skipped ZIP entry 'browser/images/S_Rearrange-pdf_18.svg'
[22072:21688:0526/101137.562:VERBOSE1:third_party\zlib\google\zip.cc:183] Skipped ZIP entry 'browser/images/SDC_Close_22_N.svg'
[22072:21688:0526/101137.562:VERBOSE1:third_party\zlib\google\zip.cc:183] Skipped ZIP entry 'browser/images/settings_icon.svg'
[22072:21688:0526/101137.562:VERBOSE1:third_party\zlib\google\zip.cc:183] Skipped ZIP entry 'browser/images/s_pdftoword_18_n.svg'
[22072:21688:0526/101137.563:VERBOSE1:third_party\zlib\google\zip.cc:183] Skipped ZIP entry 'browser/images/S_ChevronRightMedium_S.svg'
[22072:21688:0526/101137.563:VERBOSE1:third_party\zlib\google\zip.cc:183] Skipped ZIP entry 'browser/images/LocalizedFte/'
[22072:21688:0526/101137.563:VERBOSE1:third_party\zlib\google\zip.cc:183] Skipped ZIP entry 'browser/images/acrobat_dc_appicon_38x37.png'
[22072:21688:0526/101137.563:VERBOSE1:third_party\zlib\google\zip.cc:183] Skipped ZIP entry 'browser/images/S_Convert-pdf_18.svg'
[22072:21688:0526/101137.563:VERBOSE1:third_party\zlib\google\zip.cc:183] Skipped ZIP entry 'browser/images/express_crop_image.svg'
[22072:21688:0526/101137.564:VERBOSE1:third_party\zlib\google\zip.cc:183] Skipped ZIP entry 'browser/images/no_connection.svg'
[22072:21688:0526/101137.564:VERBOSE1:third_party\zlib\google\zip.cc:183] Skipped ZIP entry 'browser/images/SDC_Files_18_N.svg'
[22072:21688:0526/101137.564:VERBOSE1:third_party\zlib\google\zip.cc:183] Skipped ZIP entry 'browser/images/EverythingOnOnePage-Landscape_light.svg'
[22072:21688:0526/101137.564:VERBOSE1:third_party\zlib\google\zip.cc:183] Skipped ZIP entry 'browser/images/s_successmedium_18.svg'
[22072:21688:0526/101137.565:VERBOSE1:third_party\zlib\google\zip.cc:183] Skipped ZIP entry 'browser/images/link-out.svg'
[22072:21688:0526/101137.565:VERBOSE1:third_party\zlib\google\zip.cc:183] Skipped ZIP entry 'browser/images/ExpressCropImage.png'
[22072:21688:0526/101137.565:VERBOSE1:third_party\zlib\google\zip.cc:183] Skipped ZIP entry 'browser/images/cross_10_n.svg'
[22072:21688:0526/101137.565:VERBOSE1:third_party\zlib\google\zip.cc:183] Skipped ZIP entry 'browser/images/acrobat_dc_20x20_dark.svg'
[22072:21688:0526/101137.566:VERBOSE1:third_party\zlib\google\zip.cc:183] Skipped ZIP entry 'browser/images/s_pdftoimage_18_n.svg'
[22072:21688:0526/101137.566:VERBOSE1:third_party\zlib\google\zip.cc:183] Skipped ZIP entry 'browser/images/AllColumnsOnOnePage-Landscape_light.svg'
[22072:21688:0526/101137.566:VERBOSE1:third_party\zlib\google\zip.cc:183] Skipped ZIP entry 'browser/images/s_error_18.svg'
[22072:21688:0526/101137.567:VERBOSE1:third_party\zlib\google\zip.cc:183] Skipped ZIP entry 'browser/images/acrobat_dc_appicon_20x19.png'
[22072:21688:0526/101137.567:VERBOSE1:third_party\zlib\google\zip.cc:183] Skipped ZIP entry 'browser/images/s_openinacrobat_18_n.svg'
[22072:21688:0526/101137.568:VERBOSE1:third_party\zlib\google\zip.cc:183] Skipped ZIP entry 'browser/images/spinner.gif'
[22072:21688:0526/101137.568:VERBOSE1:third_party\zlib\google\zip.cc:183] Skipped ZIP entry 'browser/images/SDC_Settings_18_N.svg'
[22072:21688:0526/101137.569:VERBOSE1:third_party\zlib\google\zip.cc:183] Skipped ZIP entry 'browser/images/S_DragHandle_18_N.svg'
[22072:21688:0526/101137.569:VERBOSE1:third_party\zlib\google\zip.cc:183] Skipped ZIP entry 'browser/images/settings_tick_icon.svg'
[22072:21688:0526/101137.569:VERBOSE1:third_party\zlib\google\zip.cc:183] Skipped ZIP entry 'browser/images/acrobat_dc_appicon_20x19_translucent.png'
[22072:21688:0526/101137.570:VERBOSE1:third_party\zlib\google\zip.cc:183] Skipped ZIP entry 'browser/images/s_pdftoword_20x20_dark.svg'
[22072:21688:0526/101137.570:VERBOSE1:third_party\zlib\google\zip.cc:183] Skipped ZIP entry 'browser/images/SDC_AISummary_16_N.svg'
[22072:21688:0526/101137.571:VERBOSE1:third_party\zlib\google\zip.cc:183] Skipped ZIP entry 'browser/images/s_gotoonline_18_n.svg'
[22072:21688:0526/101137.571:VERBOSE1:third_party\zlib\google\zip.cc:183] Skipped ZIP entry 'browser/images/SDC_DcLogo_Red_18_N.svg'
[22072:21688:0526/101137.572:VERBOSE1:third_party\zlib\google\zip.cc:183] Skipped ZIP entry 'browser/images/SummarizeBanner.svg'
[22072:21688:0526/101137.572:VERBOSE1:third_party\zlib\google\zip.cc:183] Skipped ZIP entry 'browser/images/SDC_Close_18_N.svg'
[22072:21688:0526/101137.572:VERBOSE1:third_party\zlib\google\zip.cc:183] Skipped ZIP entry 'browser/images/s_toggleon_active_blue_26x14_n.svg'
[22072:21688:0526/101137.572:VERBOSE1:third_party\zlib\google\zip.cc:183] Skipped ZIP entry 'browser/images/S_Rotate-Pages_18.svg'
[22072:21688:0526/101137.573:VERBOSE1:third_party\zlib\google\zip.cc:183] Skipped ZIP entry 'browser/images/S_Compress-pdf_18.svg'
[22072:21688:0526/101137.573:VERBOSE1:third_party\zlib\google\zip.cc:183] Skipped ZIP entry 'browser/images/S_Delete-Pages_18.svg'
[22072:21688:0526/101137.573:VERBOSE1:third_party\zlib\google\zip.cc:183] Skipped ZIP entry 'browser/images/express_remove_objects.svg'
[22072:21688:0526/101137.573:VERBOSE1:third_party\zlib\google\zip.cc:183] Skipped ZIP entry 'browser/images/tick.svg'
[22072:21688:0526/101137.574:VERBOSE1:third_party\zlib\google\zip.cc:183] Skipped ZIP entry 'browser/images/acrobat_dc_appicon_24.png'
[22072:21688:0526/101137.574:VERBOSE1:third_party\zlib\google\zip.cc:183] Skipped ZIP entry 'browser/images/outlook-error-toast-close.svg'
[22072:21688:0526/101137.574:VERBOSE1:third_party\zlib\google\zip.cc:183] Skipped ZIP entry 'browser/images/Smock_ChevronRight_18_N.svg'
[22072:21688:0526/101137.574:VERBOSE1:third_party\zlib\google\zip.cc:183] Skipped ZIP entry 'browser/images/express_remove_background.svg'
[22072:21688:0526/101137.575:VERBOSE1:third_party\zlib\google\zip.cc:183] Skipped ZIP entry 'browser/images/img_slide_1.jpeg'
[22072:21688:0526/101137.575:VERBOSE1:third_party\zlib\google\zip.cc:183] Skipped ZIP entry 'browser/images/dc_trefoil_red_32_n.svg'
[22072:21688:0526/101137.575:VERBOSE1:third_party\zlib\google\zip.cc:183] Skipped ZIP entry 'browser/images/settings_disclaimer_icon.svg'
[22072:21688:0526/101137.575:VERBOSE1:third_party\zlib\google\zip.cc:183] Skipped ZIP entry 'browser/images/SDC_GenAIGradientTrefoil_24_N.svg'
[22072:21688:0526/101137.576:VERBOSE1:third_party\zlib\google\zip.cc:183] Skipped ZIP entry 'browser/images/loader.svg'
[22072:21688:0526/101137.576:VERBOSE1:third_party\zlib\google\zip.cc:183] Skipped ZIP entry 'browser/images/close.svg'
[22072:21688:0526/101137.576:VERBOSE1:third_party\zlib\google\zip.cc:183] Skipped ZIP entry 'browser/images/acrobat_dc_appicon_24_translucent.png'
[22072:21688:0526/101137.576:VERBOSE1:third_party\zlib\google\zip.cc:183] Skipped ZIP entry 'browser/images/acrobat_fillnSign_24.png'
[22072:21688:0526/101137.577:VERBOSE1:third_party\zlib\google\zip.cc:183] Skipped ZIP entry 'browser/images/img_slide_2.jpeg'
[22072:21688:0526/101137.577:VERBOSE1:third_party\zlib\google\zip.cc:183] Skipped ZIP entry 'browser/images/acrobat_dc_appicon_16.png'
[22072:21688:0526/101137.577:VERBOSE1:third_party\zlib\google\zip.cc:183] Skipped ZIP entry 'browser/images/acrobat_reader2020_32.png'
[22072:21688:0526/101137.577:VERBOSE1:third_party\zlib\google\zip.cc:183] Skipped ZIP entry 'browser/images/AllRowsOnOnePage-Portrait_light.svg'
[22072:21688:0526/101137.578:VERBOSE1:third_party\zlib\google\zip.cc:183] Skipped ZIP entry 'browser/images/CloseX.png'
[22072:21688:0526/101137.578:VERBOSE1:third_party\zlib\google\zip.cc:183] Skipped ZIP entry 'browser/images/acrobat_dc_appicon_48_translucent.png'
[22072:21688:0526/101137.578:VERBOSE1:third_party\zlib\google\zip.cc:183] Skipped ZIP entry 'browser/images/SDC_ShowMenu_18_N_24_D_ActiveState.svg'
[22072:21688:0526/101137.578:VERBOSE1:third_party\zlib\google\zip.cc:183] Skipped ZIP entry 'browser/images/SDC_LinkOut_13_N.svg'
[22072:21688:0526/101137.579:VERBOSE1:third_party\zlib\google\zip.cc:183] Skipped ZIP entry 'browser/images/Close_icon.svg'
[22072:21688:0526/101137.579:VERBOSE1:third_party\zlib\google\zip.cc:183] Skipped ZIP entry 'browser/images/s_toggle_disabled.svg'
[22072:21688:0526/101137.579:VERBOSE1:third_party\zlib\google\zip.cc:183] Skipped ZIP entry 'browser/images/icons.png'
[22072:21688:0526/101137.579:VERBOSE1:third_party\zlib\google\zip.cc:183] Skipped ZIP entry 'browser/images/s_pdftoppt_28_n.svg'
[22072:21688:0526/101137.580:VERBOSE1:third_party\zlib\google\zip.cc:183] Skipped ZIP entry 'browser/images/acrobat_dc_appicon_16_translucent.png'
[22072:21688:0526/101137.580:VERBOSE1:third_party\zlib\google\zip.cc:183] Skipped ZIP entry 'browser/images/acrobat_reader2020_32@2x.png'
[22072:21688:0526/101137.580:VERBOSE1:third_party\zlib\google\zip.cc:183] Skipped ZIP entry 'browser/images/s_failmedium_18.svg'
[22072:21688:0526/101137.580:VERBOSE1:third_party\zlib\google\zip.cc:183] Skipped ZIP entry 'browser/images/express_apply_effects.svg'
[22072:21688:0526/101137.580:VERBOSE1:third_party\zlib\google\zip.cc:183] Skipped ZIP entry 'browser/images/fte_illustration.png'
[22072:21688:0526/101137.581:VERBOSE1:third_party\zlib\google\zip.cc:183] Skipped ZIP entry 'browser/images/progress.gif'
[22072:21688:0526/101137.581:VERBOSE1:third_party\zlib\google\zip.cc:183] Skipped ZIP entry 'browser/images/S_Pdf-to-excel_18.svg'
[22072:21688:0526/101137.582:VERBOSE1:third_party\zlib\google\zip.cc:183] Skipped ZIP entry 'browser/images/s_toggle_Inactive_26x14_n.svg'
[22072:21688:0526/101137.582:VERBOSE1:third_party\zlib\google\zip.cc:183] Skipped ZIP entry 'browser/images/express_edit.svg'
[22072:21688:0526/101137.582:VERBOSE1:third_party\zlib\google\zip.cc:183] Skipped ZIP entry 'browser/images/EverythingOnOnePage-Portrait_light.svg'
[22072:21688:0526/101137.582:VERBOSE1:third_party\zlib\google\zip.cc:183] Skipped ZIP entry 'browser/images/SDC_More_18_N.svg'
[22072:21688:0526/101137.583:VERBOSE1:third_party\zlib\google\zip.cc:183] Skipped ZIP entry 'browser/images/ai_assistant_web_page.svg'
[22072:21688:0526/101137.583:VERBOSE1:third_party\zlib\google\zip.cc:183] Skipped ZIP entry 'browser/images/acrobat_dc_trefoil_24_white.svg'
[22072:21688:0526/101137.583:VERBOSE1:third_party\zlib\google\zip.cc:183] Skipped ZIP entry 'browser/images/settings_close_icon.svg'
[22072:21688:0526/101137.583:VERBOSE1:third_party\zlib\google\zip.cc:183] Skipped ZIP entry 'browser/images/SuccessIcon.png'
[22072:21688:0526/101137.584:VERBOSE1:third_party\zlib\google\zip.cc:183] Skipped ZIP entry 'browser/images/s_frictionless_compresspdf_18_n.svg'
[22072:21688:0526/101137.584:VERBOSE1:third_party\zlib\google\zip.cc:183] Skipped ZIP entry 'browser/images/SDC_AIText_16_N.svg'
[22072:21688:0526/101137.584:VERBOSE1:third_party\zlib\google\zip.cc:183] Skipped ZIP entry 'browser/images/acrobat_trefoil_96.svg'
[22072:21688:0526/101137.584:VERBOSE1:third_party\zlib\google\zip.cc:183] Skipped ZIP entry 'browser/images/SDC_AISummary_18_N.svg'
[22072:21688:0526/101137.585:VERBOSE1:third_party\zlib\google\zip.cc:183] Skipped ZIP entry 'browser/images/img_slide_3.jpeg'
[22072:21688:0526/101137.585:VERBOSE1:third_party\zlib\google\zip.cc:183] Skipped ZIP entry 'browser/images/s_crosslarge_hover_18_n.svg'
[22072:21688:0526/101137.585:VERBOSE1:third_party\zlib\google\zip.cc:183] Skipped ZIP entry 'browser/images/fab-header-background.svg'
[22072:21688:0526/101137.585:VERBOSE1:third_party\zlib\google\zip.cc:183] Skipped ZIP entry 'browser/images/acrobat_dc_appicon_48.png'
[22072:21688:0526/101137.585:VERBOSE1:third_party\zlib\google\zip.cc:183] Skipped ZIP entry 'browser/images/dropdown.svg'
[22072:21688:0526/101137.585:VERBOSE1:third_party\zlib\google\zip.cc:183] Skipped ZIP entry 'browser/images/S_Illu_AcrobatStayProductiveWithAdobe_320x200.svg'
[22072:21688:0526/101137.587:VERBOSE1:third_party\zlib\google\zip.cc:183] Skipped ZIP entry 'browser/images/s_toggle_Inactive_26x14_n_blue.svg'
[22072:21688:0526/101137.587:VERBOSE1:third_party\zlib\google\zip.cc:183] Skipped ZIP entry 'browser/images/s_crosslarge_18_n.svg'
[22072:21688:0526/101137.587:VERBOSE1:third_party\zlib\google\zip.cc:183] Skipped ZIP entry 'browser/images/SDC_ShowMenu_18_N_24Canvas.svg'
[22072:21688:0526/101137.587:VERBOSE1:third_party\zlib\google\zip.cc:183] Skipped ZIP entry 'browser/images/LocalizedSummaryFte/'
[22072:21688:0526/101137.588:VERBOSE1:third_party\zlib\google\zip.cc:183] Skipped ZIP entry 'browser/images/S_ChevronRightMedium_N.svg'
[22072:21688:0526/101137.588:VERBOSE1:third_party\zlib\google\zip.cc:183] Skipped ZIP entry 'browser/images/convert_img_to_pdf.svg'
[22072:21688:0526/101137.588:VERBOSE1:third_party\zlib\google\zip.cc:183] Skipped ZIP entry 'browser/images/Error/'
[22072:21688:0526/101137.589:VERBOSE1:third_party\zlib\google\zip.cc:183] Skipped ZIP entry 'browser/images/acrobat_dc_appicon_128.png'
[22072:21688:0526/101137.589:VERBOSE1:third_party\zlib\google\zip.cc:183] Skipped ZIP entry 'browser/images/S_Sign-pdf_18.svg'
[22072:21688:0526/101137.589:VERBOSE1:third_party\zlib\google\zip.cc:183] Skipped ZIP entry 'browser/images/FailIcon.png'
[22072:21688:0526/101137.589:VERBOSE1:third_party\zlib\google\zip.cc:183] Skipped ZIP entry 'browser/images/AllColumnsOnOnePage-Portrait_light.svg'
[22072:21688:0526/101137.590:VERBOSE1:third_party\zlib\google\zip.cc:183] Skipped ZIP entry 'browser/images/acrobat_dc_appicon_56x54.png'
[22072:21688:0526/101137.590:VERBOSE1:third_party\zlib\google\zip.cc:183] Skipped ZIP entry 'browser/images/acrobat_dc_appicon_128_translucent.png'
[22072:21688:0526/101137.590:VERBOSE1:third_party\zlib\google\zip.cc:183] Skipped ZIP entry 'browser/images/s_chrome_ext_card_newuser_option3.svg'
[22072:21688:0526/101137.590:VERBOSE1:third_party\zlib\google\zip.cc:183] Skipped ZIP entry 'browser/images/S_ChevronDownMedium_N.svg'
[22072:21688:0526/101137.591:VERBOSE1:third_party\zlib\google\zip.cc:183] Skipped ZIP entry 'browser/images/acrobat_dc_appicon_38x37_translucent.png'
[22072:21688:0526/101137.591:VERBOSE1:third_party\zlib\google\zip.cc:183] Skipped ZIP entry 'browser/images/Smock_ChevronDown_18_N.svg'
[22072:21688:0526/101137.591:VERBOSE1:third_party\zlib\google\zip.cc:183] Skipped ZIP entry 'browser/images/s_fillsign_18_n.svg'
[22072:21688:0526/101137.591:VERBOSE1:third_party\zlib\google\zip.cc:183] Skipped ZIP entry 'browser/js/offscreen/'
[22072:21688:0526/101137.592:VERBOSE1:third_party\zlib\google\zip.cc:183] Skipped ZIP entry 'browser/js/failToast.js'
[22072:21688:0526/101137.592:VERBOSE1:third_party\zlib\google\zip.cc:183] Skipped ZIP entry 'browser/js/preferences/'
[22072:21688:0526/101137.592:VERBOSE1:third_party\zlib\google\zip.cc:183] Skipped ZIP entry 'browser/js/remote-executor-bridge.html'
[22072:21688:0526/101137.592:VERBOSE1:third_party\zlib\google\zip.cc:183] Skipped ZIP entry 'browser/js/highlight-overlay.js'
[22072:21688:0526/101137.593:VERBOSE1:third_party\zlib\google\zip.cc:183] Skipped ZIP entry 'browser/js/popup.js'
[22072:21688:0526/101137.593:VERBOSE1:third_party\zlib\google\zip.cc:183] Skipped ZIP entry 'browser/js/content-util.js'
[22072:21688:0526/101137.593:VERBOSE1:third_party\zlib\google\zip.cc:183] Skipped ZIP entry 'browser/js/frame.html'
[22072:21688:0526/101137.593:VERBOSE1:third_party\zlib\google\zip.cc:183] Skipped ZIP entry 'browser/js/progress.html'
[22072:21688:0526/101137.594:VERBOSE1:third_party\zlib\google\zip.cc:183] Skipped ZIP entry 'browser/js/popup.html'
[22072:21688:0526/101137.594:VERBOSE1:third_party\zlib\google\zip.cc:183] Skipped ZIP entry 'browser/js/local-file/'
[22072:21688:0526/101137.594:VERBOSE1:third_party\zlib\google\zip.cc:183] Skipped ZIP entry 'browser/js/options.js'
[22072:21688:0526/101137.594:VERBOSE1:third_party\zlib\google\zip.cc:183] Skipped ZIP entry 'browser/js/successToast.html'
[22072:21688:0526/101137.594:VERBOSE1:third_party\zlib\google\zip.cc:183] Skipped ZIP entry 'browser/js/successToast.js'
[22072:21688:0526/101137.595:VERBOSE1:third_party\zlib\google\zip.cc:183] Skipped ZIP entry 'browser/js/frameUI.js'
[22072:21688:0526/101137.595:VERBOSE1:third_party\zlib\google\zip.cc:183] Skipped ZIP entry 'browser/js/searchWidget.html'
[22072:21688:0526/101137.595:VERBOSE1:third_party\zlib\google\zip.cc:183] Skipped ZIP entry 'browser/js/searchWidget.js'
[22072:21688:0526/101137.595:VERBOSE1:third_party\zlib\google\zip.cc:183] Skipped ZIP entry 'browser/js/ch-settings.js'
[22072:21688:0526/101137.596:VERBOSE1:third_party\zlib\google\zip.cc:183] Skipped ZIP entry 'browser/js/remote-executor-bridge.js'
[22072:21688:0526/101137.596:VERBOSE1:third_party\zlib\google\zip.cc:183] Skipped ZIP entry 'browser/js/express.html'
[22072:21688:0526/101137.596:VERBOSE1:third_party\zlib\google\zip.cc:183] Skipped ZIP entry 'browser/js/download-banner.js'
[22072:21688:0526/101137.596:VERBOSE1:third_party\zlib\google\zip.cc:183] Skipped ZIP entry 'browser/js/legacy-options.html'
[22072:21688:0526/101137.597:VERBOSE1:third_party\zlib\google\zip.cc:183] Skipped ZIP entry 'browser/js/preference-page.html'
[22072:21688:0526/101137.597:VERBOSE1:third_party\zlib\google\zip.cc:183] Skipped ZIP entry 'browser/js/viewer/'
[22072:21688:0526/101137.597:VERBOSE1:third_party\zlib\google\zip.cc:183] Skipped ZIP entry 'browser/js/lsCopy.js'
[22072:21688:0526/101137.598:VERBOSE1:third_party\zlib\google\zip.cc:183] Skipped ZIP entry 'browser/js/progress.js'
[22072:21688:0526/101137.598:VERBOSE1:third_party\zlib\google\zip.cc:183] Skipped ZIP entry 'browser/js/frameUI.html'
[22072:21688:0526/101137.598:VERBOSE1:third_party\zlib\google\zip.cc:183] Skipped ZIP entry 'browser/js/express.js'
[22072:21688:0526/101137.598:VERBOSE1:third_party\zlib\google\zip.cc:183] Skipped ZIP entry 'browser/js/download-banner.html'
[22072:21688:0526/101137.599:VERBOSE1:third_party\zlib\google\zip.cc:183] Skipped ZIP entry 'browser/js/local-fte.js'
[22072:21688:0526/101137.599:VERBOSE1:third_party\zlib\google\zip.cc:183] Skipped ZIP entry 'browser/js/searchWidget.spec.js'
[22072:21688:0526/101137.599:VERBOSE1:third_party\zlib\google\zip.cc:183] Skipped ZIP entry 'browser/js/check-cookies.html'
[22072:21688:0526/101137.599:VERBOSE1:third_party\zlib\google\zip.cc:183] Skipped ZIP entry 'browser/js/tab-storage.js'
[22072:21688:0526/101137.600:VERBOSE1:third_party\zlib\google\zip.cc:183] Skipped ZIP entry 'browser/js/options.html'
[22072:21688:0526/101137.600:VERBOSE1:third_party\zlib\google\zip.cc:183] Skipped ZIP entry 'browser/js/check-cookies.js'
[22072:21688:0526/101137.600:VERBOSE1:third_party\zlib\google\zip.cc:183] Skipped ZIP entry 'browser/js/local-fte.html'
[22072:21688:0526/101137.601:VERBOSE1:third_party\zlib\google\zip.cc:183] Skipped ZIP entry 'browser/js/searchWidgetSkeleton.html'
[22072:21688:0526/101137.601:VERBOSE1:third_party\zlib\google\zip.cc:183] Skipped ZIP entry 'browser/js/newAssistantPopup.js'
[22072:21688:0526/101137.602:VERBOSE1:third_party\zlib\google\zip.cc:183] Skipped ZIP entry 'browser/js/failToast.html'
[22072:21688:0526/101137.602:VERBOSE1:third_party\zlib\google\zip.cc:183] Skipped ZIP entry 'browser/js/content-privateApi.js'
[22072:21688:0526/101137.603:VERBOSE1:third_party\zlib\google\zip.cc:183] Skipped ZIP entry 'browser/js/options-router.js'
[22072:21688:0526/101137.603:VERBOSE1:third_party\zlib\google\zip.cc:183] Skipped ZIP entry 'browser/js/newAssistantPopup.html'
[22072:21688:0526/101137.603:VERBOSE1:third_party\zlib\google\zip.cc:183] Skipped ZIP entry 'browser/js/lsCopy.html'
[22072:21688:0526/101137.604:VERBOSE1:third_party\zlib\google\zip.cc:183] Skipped ZIP entry 'browser/js/frame.js'
[22072:21688:0526/101137.604:VERBOSE1:third_party\zlib\google\zip.cc:183] Skipped ZIP entry 'browser/js/newAssistantPopup-theme.js'
[22072:21688:0526/101137.605:VERBOSE1:third_party\zlib\google\zip.cc:183] Skipped ZIP entry 'browser/data/searchterms.json'
[22072:21688:0526/101137.605:VERBOSE1:third_party\zlib\google\zip.cc:183] Skipped ZIP entry '_locales/sl/messages.json'
[22072:21688:0526/101137.606:VERBOSE1:third_party\zlib\google\zip.cc:183] Skipped ZIP entry '_locales/sk/messages.json'
[22072:21688:0526/101137.606:VERBOSE1:third_party\zlib\google\zip.cc:183] Skipped ZIP entry '_locales/pl/messages.json'
[22072:21688:0526/101137.606:VERBOSE1:third_party\zlib\google\zip.cc:183] Skipped ZIP entry '_locales/sv/messages.json'
[22072:21688:0526/101137.607:VERBOSE1:third_party\zlib\google\zip.cc:183] Skipped ZIP entry '_locales/da/messages.json'
[22072:21688:0526/101137.607:VERBOSE1:third_party\zlib\google\zip.cc:183] Skipped ZIP entry '_locales/pt_BR/messages.json'
[22072:21688:0526/101137.607:VERBOSE1:third_party\zlib\google\zip.cc:183] Skipped ZIP entry '_locales/ja/messages.json'
[22072:21688:0526/101137.607:VERBOSE1:third_party\zlib\google\zip.cc:183] Skipped ZIP entry '_locales/it/messages.json'
[22072:21688:0526/101137.608:VERBOSE1:third_party\zlib\google\zip.cc:183] Skipped ZIP entry '_locales/ca/messages.json'
[22072:21688:0526/101137.608:VERBOSE1:third_party\zlib\google\zip.cc:183] Skipped ZIP entry '_locales/zh_TW/messages.json'
[22072:21688:0526/101137.608:VERBOSE1:third_party\zlib\google\zip.cc:183] Skipped ZIP entry '_locales/cs/messages.json'
[22072:21688:0526/101137.608:VERBOSE1:third_party\zlib\google\zip.cc:183] Skipped ZIP entry '_locales/ru/messages.json'
[22072:21688:0526/101137.608:VERBOSE1:third_party\zlib\google\zip.cc:183] Skipped ZIP entry '_locales/ro/messages.json'
[22072:21688:0526/101137.609:VERBOSE1:third_party\zlib\google\zip.cc:183] Skipped ZIP entry '_locales/zh_CN/messages.json'
[22072:21688:0526/101137.609:VERBOSE1:third_party\zlib\google\zip.cc:183] Skipped ZIP entry '_locales/pt/messages.json'
[22072:21688:0526/101137.609:VERBOSE1:third_party\zlib\google\zip.cc:183] Skipped ZIP entry '_locales/zh/messages.json'
[22072:21688:0526/101137.609:VERBOSE1:third_party\zlib\google\zip.cc:183] Skipped ZIP entry '_locales/uk/messages.json'
[22072:21688:0526/101137.610:VERBOSE1:third_party\zlib\google\zip.cc:183] Skipped ZIP entry '_locales/en_GB/messages.json'
[22072:21688:0526/101137.610:VERBOSE1:third_party\zlib\google\zip.cc:183] Skipped ZIP entry '_locales/hr/messages.json'
[22072:21688:0526/101137.610:VERBOSE1:third_party\zlib\google\zip.cc:183] Skipped ZIP entry '_locales/hu/messages.json'
[22072:21688:0526/101137.610:VERBOSE1:third_party\zlib\google\zip.cc:183] Skipped ZIP entry '_locales/nl/messages.json'
[22072:21688:0526/101137.611:VERBOSE1:third_party\zlib\google\zip.cc:183] Skipped ZIP entry '_locales/nb/messages.json'
[22072:21688:0526/101137.611:VERBOSE1:third_party\zlib\google\zip.cc:183] Skipped ZIP entry '_locales/de/messages.json'
[22072:21688:0526/101137.611:VERBOSE1:third_party\zlib\google\zip.cc:183] Skipped ZIP entry '_locales/ko/messages.json'
[22072:21688:0526/101137.611:VERBOSE1:third_party\zlib\google\zip.cc:183] Skipped ZIP entry '_locales/fi/messages.json'
[22072:21688:0526/101137.611:VERBOSE1:third_party\zlib\google\zip.cc:183] Skipped ZIP entry '_locales/fr/messages.json'
[22072:21688:0526/101137.612:VERBOSE1:third_party\zlib\google\zip.cc:183] Skipped ZIP entry '_locales/es/messages.json'
[22072:21688:0526/101137.612:VERBOSE1:third_party\zlib\google\zip.cc:183] Skipped ZIP entry '_locales/en/messages.json'
[22072:21688:0526/101137.612:VERBOSE1:third_party\zlib\google\zip.cc:183] Skipped ZIP entry '_locales/eu/messages.json'
[22072:21688:0526/101137.612:VERBOSE1:third_party\zlib\google\zip.cc:183] Skipped ZIP entry '_locales/tr/messages.json'
[22072:21688:0526/101137.612:VERBOSE1:third_party\zlib\google\zip.cc:183] Skipped ZIP entry 'content_scripts/touchpoints/verb-execution-service.js'
[22072:21688:0526/101137.613:VERBOSE1:third_party\zlib\google\zip.cc:183] Skipped ZIP entry 'content_scripts/touchpoints/touchpoint-base.js'
[22072:21688:0526/101137.613:VERBOSE1:third_party\zlib\google\zip.cc:183] Skipped ZIP entry 'content_scripts/gemini/gemini-convert-to-pdf-fte-service.js'
[22072:21688:0526/101137.614:VERBOSE1:third_party\zlib\google\zip.cc:183] Skipped ZIP entry 'content_scripts/gemini/gemini-chat-touchpoint-service.js'
[22072:21688:0526/101137.614:VERBOSE1:third_party\zlib\google\zip.cc:183] Skipped ZIP entry 'content_scripts/gemini/gemini-convert-to-pdf-fte.js'
[22072:21688:0526/101137.614:VERBOSE1:third_party\zlib\google\zip.cc:183] Skipped ZIP entry 'content_scripts/gemini/gemini-document-end-content-script.js'
[22072:21688:0526/101137.615:VERBOSE1:third_party\zlib\google\zip.cc:183] Skipped ZIP entry 'content_scripts/gemini/gemini-inject.js'
[22072:21688:0526/101137.615:VERBOSE1:third_party\zlib\google\zip.cc:183] Skipped ZIP entry 'content_scripts/gemini/sanitize-html-styles.js'
[22072:21688:0526/101137.616:VERBOSE1:third_party\zlib\google\zip.cc:183] Skipped ZIP entry 'content_scripts/gemini/gemini-response-touchpoint-service.js'
[22072:21688:0526/101137.616:VERBOSE1:third_party\zlib\google\zip.cc:183] Skipped ZIP entry 'content_scripts/gemini/gemini-api-response-service.js'
[22072:21688:0526/101137.616:VERBOSE1:third_party\zlib\google\zip.cc:183] Skipped ZIP entry 'content_scripts/gemini/state.js'
[22072:21688:0526/101137.616:VERBOSE1:third_party\zlib\google\zip.cc:183] Skipped ZIP entry 'content_scripts/gemini/gemini-document-start-content-script.js'
[22072:21688:0526/101137.617:VERBOSE1:third_party\zlib\google\zip.cc:183] Skipped ZIP entry 'content_scripts/express/fte/'
[22072:21688:0526/101137.617:VERBOSE1:third_party\zlib\google\zip.cc:183] Skipped ZIP entry 'content_scripts/express/express-cta-tooltip.js'
[22072:21688:0526/101137.617:VERBOSE1:third_party\zlib\google\zip.cc:183] Skipped ZIP entry 'content_scripts/express/express-fte.js'
[22072:21688:0526/101137.617:VERBOSE1:third_party\zlib\google\zip.cc:183] Skipped ZIP entry 'content_scripts/express/gemini/'
[22072:21688:0526/101137.618:VERBOSE1:third_party\zlib\google\zip.cc:183] Skipped ZIP entry 'content_scripts/express/pinterest/'
[22072:21688:0526/101137.618:VERBOSE1:third_party\zlib\google\zip.cc:183] Skipped ZIP entry 'content_scripts/express/express-utils.js'
[22072:21688:0526/101137.618:VERBOSE1:third_party\zlib\google\zip.cc:183] Skipped ZIP entry 'content_scripts/express/google-chat/'
[22072:21688:0526/101137.619:VERBOSE1:third_party\zlib\google\zip.cc:183] Skipped ZIP entry 'content_scripts/express/responsive-button-handler.js'
[22072:21688:0526/101137.619:VERBOSE1:third_party\zlib\google\zip.cc:183] Skipped ZIP entry 'content_scripts/express/gdrive/'
[22072:21688:0526/101137.619:VERBOSE1:third_party\zlib\google\zip.cc:183] Skipped ZIP entry 'content_scripts/express/browser-image-viewer/'
[22072:21688:0526/101137.620:VERBOSE1:third_party\zlib\google\zip.cc:183] Skipped ZIP entry 'content_scripts/express/single-click-cta.js'
[22072:21688:0526/101137.620:VERBOSE1:third_party\zlib\google\zip.cc:183] Skipped ZIP entry 'content_scripts/express/facebook/'
[22072:21688:0526/101137.620:VERBOSE1:third_party\zlib\google\zip.cc:183] Skipped ZIP entry 'content_scripts/express/image-tools-dropdown.js'
[22072:21688:0526/101137.621:VERBOSE1:third_party\zlib\google\zip.cc:183] Skipped ZIP entry 'content_scripts/express/google-image-preview/'
[22072:21688:0526/101137.621:VERBOSE1:third_party\zlib\google\zip.cc:183] Skipped ZIP entry 'content_scripts/express/express-hover-cta.js'
[22072:21688:0526/101137.621:VERBOSE1:third_party\zlib\google\zip.cc:183] Skipped ZIP entry 'content_scripts/express/express_chatgpt/'
[22072:21688:0526/101137.622:VERBOSE1:third_party\zlib\google\zip.cc:183] Skipped ZIP entry 'content_scripts/express/express-precaching.js'
[22072:21688:0526/101137.622:VERBOSE1:third_party\zlib\google\zip.cc:183] Skipped ZIP entry 'content_scripts/express/express_whatsapp/'
[22072:21688:0526/101137.622:VERBOSE1:third_party\zlib\google\zip.cc:183] Skipped ZIP entry 'content_scripts/express/gmail/'
[22072:21688:0526/101137.622:VERBOSE1:third_party\zlib\google\zip.cc:183] Skipped ZIP entry 'content_scripts/express/express-content-script.js'
[22072:21688:0526/101137.623:VERBOSE1:third_party\zlib\google\zip.cc:183] Skipped ZIP entry 'content_scripts/express/outlook/'
[22072:21688:0526/101137.623:VERBOSE1:third_party\zlib\google\zip.cc:183] Skipped ZIP entry 'content_scripts/SidePanel/FloatingActionButton/'
[22072:21688:0526/101137.623:VERBOSE1:third_party\zlib\google\zip.cc:183] Skipped ZIP entry 'content_scripts/SidePanel/GenAIWebpageBlocklist.js'
[22072:21688:0526/101137.623:VERBOSE1:third_party\zlib\google\zip.cc:183] Skipped ZIP entry 'content_scripts/SidePanel/FABManager.js'
[22072:21688:0526/101137.624:VERBOSE1:third_party\zlib\google\zip.cc:183] Skipped ZIP entry 'content_scripts/SidePanel/GenAIWebpageEligibilityService.js'
[22072:21688:0526/101137.624:VERBOSE1:third_party\zlib\google\zip.cc:183] Skipped ZIP entry 'content_scripts/SidePanel/AnimateCannedQuestions.js'
[22072:21688:0526/101137.624:VERBOSE1:third_party\zlib\google\zip.cc:183] Skipped ZIP entry 'content_scripts/SidePanel/ActionableCoachmark.js'
[22072:21688:0526/101137.624:VERBOSE1:third_party\zlib\google\zip.cc:183] Skipped ZIP entry 'content_scripts/SidePanel/Viewport.js'
[22072:21688:0526/101137.625:VERBOSE1:third_party\zlib\google\zip.cc:183] Skipped ZIP entry 'content_scripts/SidePanel/AttributionManager.js'
[22072:21688:0526/101137.625:VERBOSE1:third_party\zlib\google\zip.cc:183] Skipped ZIP entry 'content_scripts/addWebpage/KWEligibilityService.js'
[22072:21688:0526/101137.625:VERBOSE1:third_party\zlib\google\zip.cc:183] Skipped ZIP entry 'content_scripts/remote-execution/iframe-manager.js'
[22072:21688:0526/101137.625:VERBOSE1:third_party\zlib\google\zip.cc:183] Skipped ZIP entry 'content_scripts/remote-execution/message-handler.js'
[22072:21688:0526/101137.625:VERBOSE1:third_party\zlib\google\zip.cc:183] Skipped ZIP entry 'content_scripts/remote-execution/request-callback-manager.js'
[22072:21688:0526/101137.626:VERBOSE1:third_party\zlib\google\zip.cc:183] Skipped ZIP entry 'content_scripts/remote-execution/re-content-script.js'
[22072:21688:0526/101137.626:VERBOSE1:third_party\zlib\google\zip.cc:183] Skipped ZIP entry 'content_scripts/remote-execution/message-helpers.js'
[22072:21688:0526/101137.626:VERBOSE1:third_party\zlib\google\zip.cc:183] Skipped ZIP entry 'content_scripts/remote-execution/re-utils.js'
[22072:21688:0526/101137.626:VERBOSE1:third_party\zlib\google\zip.cc:183] Skipped ZIP entry 'content_scripts/remote-execution/dom-operations.js'
[22072:21688:0526/101137.626:VERBOSE1:third_party\zlib\google\zip.cc:183] Skipped ZIP entry 'content_scripts/utils/util.js'
[22072:21688:0526/101137.627:VERBOSE1:third_party\zlib\google\zip.cc:183] Skipped ZIP entry 'content_scripts/utils/toast-service.js'
[22072:21688:0526/101137.627:VERBOSE1:third_party\zlib\google\zip.cc:183] Skipped ZIP entry 'content_scripts/utils/fte-utils.js'
[22072:21688:0526/101137.627:VERBOSE1:third_party\zlib\google\zip.cc:183] Skipped ZIP entry 'content_scripts/utils/direct-verb-touch-point-utils.js'
[22072:21688:0526/101137.628:VERBOSE1:third_party\zlib\google\zip.cc:183] Skipped ZIP entry 'content_scripts/gdrive/fte/'
[22072:21688:0526/101137.628:VERBOSE1:third_party\zlib\google\zip.cc:183] Skipped ZIP entry 'content_scripts/gdrive/util.js'
[22072:21688:0526/101137.628:VERBOSE1:third_party\zlib\google\zip.cc:183] Skipped ZIP entry 'content_scripts/gdrive/gdrive-inject.js'
[22072:21688:0526/101137.628:VERBOSE1:third_party\zlib\google\zip.cc:183] Skipped ZIP entry 'content_scripts/gdrive/get-auth-user.js'
[22072:21688:0526/101137.629:VERBOSE1:third_party\zlib\google\zip.cc:183] Skipped ZIP entry 'content_scripts/gdrive/api-parsing-util.js'
[22072:21688:0526/101137.629:VERBOSE1:third_party\zlib\google\zip.cc:183] Skipped ZIP entry 'content_scripts/gdrive/GDriveAcrobatFteCoachmark.js'
[22072:21688:0526/101137.629:VERBOSE1:third_party\zlib\google\zip.cc:183] Skipped ZIP entry 'content_scripts/gdrive/state.js'
[22072:21688:0526/101137.630:VERBOSE1:third_party\zlib\google\zip.cc:183] Skipped ZIP entry 'content_scripts/gdrive/default-viewership-service.js'
[22072:21688:0526/101137.630:VERBOSE1:third_party\zlib\google\zip.cc:183] Skipped ZIP entry 'content_scripts/gdrive/search-handler.js'
[22072:21688:0526/101137.631:VERBOSE1:third_party\zlib\google\zip.cc:183] Skipped ZIP entry 'content_scripts/gdrive/touchpoint-service.js'
[22072:21688:0526/101137.631:VERBOSE1:third_party\zlib\google\zip.cc:183] Skipped ZIP entry 'content_scripts/gdrive/gdrive-edit-pdf-attachment-card.js'
[22072:21688:0526/101137.631:VERBOSE1:third_party\zlib\google\zip.cc:183] Skipped ZIP entry 'content_scripts/gdrive/gdrive-convert-attachment-card.js'
[22072:21688:0526/101137.631:VERBOSE1:third_party\zlib\google\zip.cc:183] Skipped ZIP entry 'content_scripts/ToastManager/styles-inline.js'
[22072:21688:0526/101137.632:VERBOSE1:third_party\zlib\google\zip.cc:183] Skipped ZIP entry 'content_scripts/prompts/ShowOneChild.js'
[22072:21688:0526/101137.632:VERBOSE1:third_party\zlib\google\zip.cc:183] Skipped ZIP entry 'content_scripts/chatgpt/chatgpt-convert-to-pdf-fte-service.js'
[22072:21688:0526/101137.632:VERBOSE1:third_party\zlib\google\zip.cc:183] Skipped ZIP entry 'content_scripts/chatgpt/chatgpt-deep-research-convert-to-pdf-fte.js'
[22072:21688:0526/101137.632:VERBOSE1:third_party\zlib\google\zip.cc:183] Skipped ZIP entry 'content_scripts/chatgpt/chatgpt-convert-to-pdf.js'
[22072:21688:0526/101137.632:VERBOSE1:third_party\zlib\google\zip.cc:183] Skipped ZIP entry 'content_scripts/chatgpt/chatgpt-deep-research-convert-to-pdf.js'
[22072:21688:0526/101137.632:VERBOSE1:third_party\zlib\google\zip.cc:183] Skipped ZIP entry 'content_scripts/chatgpt/state.js'
[22072:21688:0526/101137.634:VERBOSE1:third_party\zlib\google\zip.cc:183] Skipped ZIP entry 'content_scripts/chatgpt/chatgpt-deep-research-sanitize-html-styles.js'
[22072:21688:0526/101137.634:VERBOSE1:third_party\zlib\google\zip.cc:183] Skipped ZIP entry 'content_scripts/embeddedpdfs/EmbeddedPDFTouchPointCoachMark.js'
[22072:21688:0526/101137.634:VERBOSE1:third_party\zlib\google\zip.cc:183] Skipped ZIP entry 'content_scripts/embeddedpdfs/embedded-pdf-touch-point-event-listener.js'
[22072:21688:0526/101137.634:VERBOSE1:third_party\zlib\google\zip.cc:183] Skipped ZIP entry 'content_scripts/embeddedpdfs/embedded-pdf-touch-point.js'
[22072:21688:0526/101137.635:VERBOSE1:third_party\zlib\google\zip.cc:183] Skipped ZIP entry 'content_scripts/gdocs/google-docs-content-script.js'
[22072:21688:0526/101137.635:VERBOSE1:third_party\zlib\google\zip.cc:183] Skipped ZIP entry 'content_scripts/gdocs/google-docs-fte.js'
[22072:21688:0526/101137.635:VERBOSE1:third_party\zlib\google\zip.cc:183] Skipped ZIP entry 'content_scripts/gdocs/SheetsSettingModal/'
[22072:21688:0526/101137.635:VERBOSE1:third_party\zlib\google\zip.cc:183] Skipped ZIP entry 'content_scripts/gdocs/google-docs-fetch-interceptor.js'
[22072:21688:0526/101137.637:VERBOSE1:third_party\zlib\google\zip.cc:183] Skipped ZIP entry 'content_scripts/gmail/fte/'
[22072:21688:0526/101137.637:VERBOSE1:third_party\zlib\google\zip.cc:183] Skipped ZIP entry 'content_scripts/gmail/util.js'
[22072:21688:0526/101137.637:VERBOSE1:third_party\zlib\google\zip.cc:183] Skipped ZIP entry 'content_scripts/gmail/list-view-touch-point-service.js'
[22072:21688:0526/101137.638:VERBOSE1:third_party\zlib\google\zip.cc:183] Skipped ZIP entry 'content_scripts/gmail/GmailPdfToolsFteCoachmark.js'
[22072:21688:0526/101137.638:VERBOSE1:third_party\zlib\google\zip.cc:183] Skipped ZIP entry 'content_scripts/gmail/message-view-touch-point-service.js'
[22072:21688:0526/101137.639:VERBOSE1:third_party\zlib\google\zip.cc:183] Skipped ZIP entry 'content_scripts/gmail/gmail-response-service.js'
[22072:21688:0526/101137.639:VERBOSE1:third_party\zlib\google\zip.cc:183] Skipped ZIP entry 'content_scripts/gmail/gmail-email-pdf-touchpoint-service.js'
[22072:21688:0526/101137.640:VERBOSE1:third_party\zlib\google\zip.cc:183] Skipped ZIP entry 'content_scripts/gmail/gmail-edit-pdf-attachment-card.js'
[22072:21688:0526/101137.640:VERBOSE1:third_party\zlib\google\zip.cc:183] Skipped ZIP entry 'content_scripts/gmail/GmailAcrobatFteCoachmark.js'
[22072:21688:0526/101137.640:VERBOSE1:third_party\zlib\google\zip.cc:183] Skipped ZIP entry 'content_scripts/gmail/gmail-verb-message-view.js'
[22072:21688:0526/101137.641:VERBOSE1:third_party\zlib\google\zip.cc:183] Skipped ZIP entry 'content_scripts/gmail/gmail-convert-attachment-card.js'
[22072:21688:0526/101137.641:VERBOSE1:third_party\zlib\google\zip.cc:183] Skipped ZIP entry 'content_scripts/gmail/gmail-compress-pdf-fte-service.js'
[22072:21688:0526/101137.642:VERBOSE1:third_party\zlib\google\zip.cc:183] Skipped ZIP entry 'content_scripts/gmail/gmail-fte-service.js'
[22072:21688:0526/101137.642:VERBOSE1:third_party\zlib\google\zip.cc:183] Skipped ZIP entry 'content_scripts/gmail/gmail-compose-attachment-touch-point-service.js'
[22072:21688:0526/101137.642:VERBOSE1:third_party\zlib\google\zip.cc:183] Skipped ZIP entry 'content_scripts/gmail/native-viewer-pdf-tools-module.js'
[22072:21688:0526/101137.643:VERBOSE1:third_party\zlib\google\zip.cc:183] Skipped ZIP entry 'content_scripts/gmail/native-viewer-touch-point-service.js'
[22072:21688:0526/101137.643:VERBOSE1:third_party\zlib\google\zip.cc:183] Skipped ZIP entry 'content_scripts/gmail/PdfToolsDropdown/'
[22072:21688:0526/101137.643:VERBOSE1:third_party\zlib\google\zip.cc:183] Skipped ZIP entry 'content_scripts/gmail/gmail-verb-native-viewer.js'
[22072:21688:0526/101137.644:VERBOSE1:third_party\zlib\google\zip.cc:183] Skipped ZIP entry 'content_scripts/gmail/state.js'
[22072:21688:0526/101137.644:VERBOSE1:third_party\zlib\google\zip.cc:183] Skipped ZIP entry 'content_scripts/gmail/gmail-verb-list-view.js'
[22072:21688:0526/101137.644:VERBOSE1:third_party\zlib\google\zip.cc:183] Skipped ZIP entry 'content_scripts/gmail/gmail-compress-pdf-message-view-fte-service.js'
[22072:21688:0526/101137.644:VERBOSE1:third_party\zlib\google\zip.cc:183] Skipped ZIP entry 'content_scripts/gmail/gmail-compress-pdf-message-view-fte.js'
[22072:21688:0526/101137.645:VERBOSE1:third_party\zlib\google\zip.cc:183] Skipped ZIP entry 'content_scripts/gmail/default-viewership-service.js'
[22072:21688:0526/101137.645:VERBOSE1:third_party\zlib\google\zip.cc:183] Skipped ZIP entry 'content_scripts/gmail/gmail-inject.js'
[22072:21688:0526/101137.645:VERBOSE1:third_party\zlib\google\zip.cc:183] Skipped ZIP entry 'content_scripts/gmail/CompressPDFMessageView/'
[22072:21688:0526/101137.646:VERBOSE1:third_party\zlib\google\zip.cc:183] Skipped ZIP entry 'content_scripts/gmail/gmail-compress-pdf-fte.js'
[22072:21688:0526/101137.646:VERBOSE1:third_party\zlib\google\zip.cc:183] Skipped ZIP entry 'content_scripts/linkedin/linkedin-content-script.js'
[22072:21688:0526/101137.647:VERBOSE1:third_party\zlib\google\zip.cc:183] Skipped ZIP entry 'content_scripts/linkedin/linkedin-response-service.js'
[22072:21688:0526/101137.647:VERBOSE1:third_party\zlib\google\zip.cc:183] Skipped ZIP entry 'content_scripts/linkedin/linkedin-inject.js'
[22072:21688:0526/101137.647:VERBOSE1:third_party\zlib\google\zip.cc:183] Skipped ZIP entry 'content_scripts/linkedin/linkedin-fte-service.js'
[22072:21688:0526/101137.649:VERBOSE1:third_party\zlib\google\zip.cc:183] Skipped ZIP entry 'content_scripts/linkedin/linkedin-fte.js'
[22072:21688:0526/101137.649:VERBOSE1:third_party\zlib\google\zip.cc:183] Skipped ZIP entry 'content_scripts/linkedin/state.js'
[22072:21688:0526/101137.650:VERBOSE1:third_party\zlib\google\zip.cc:183] Skipped ZIP entry 'content_scripts/outlook/outlook-error-toast-service.js'
[22072:21688:0526/101137.650:VERBOSE1:third_party\zlib\google\zip.cc:183] Skipped ZIP entry 'content_scripts/outlook/outlook-content-script.js'
[22072:21688:0526/101137.650:VERBOSE1:third_party\zlib\google\zip.cc:183] Skipped ZIP entry 'content_scripts/outlook/outlook-fte.js'
[22072:21688:0526/101137.651:VERBOSE1:third_party\zlib\google\zip.cc:183] Skipped ZIP entry 'content_scripts/outlook/outlook-fte-service.js'
[22072:21688:0526/101137.651:VERBOSE1:third_party\zlib\google\zip.cc:183] Skipped ZIP entry 'content_scripts/outlook/state.js'
[22072:21688:0526/101137.651:VERBOSE1:third_party\zlib\google\zip.cc:183] Skipped ZIP entry 'content_scripts/outlook/outlook-inject.js'
[22072:21688:0526/101137.652:VERBOSE1:third_party\zlib\google\zip.cc:183] Skipped ZIP entry 'browser/css/fonts/AdobeClean-Regular.otf'
[22072:21688:0526/101137.652:VERBOSE1:third_party\zlib\google\zip.cc:183] Skipped ZIP entry 'browser/css/fonts/AdobeClean-Bold.otf'
[22072:21688:0526/101137.652:VERBOSE1:third_party\zlib\google\zip.cc:183] Skipped ZIP entry 'browser/images/LocalizedFte/en_US/'
[22072:21688:0526/101137.653:VERBOSE1:third_party\zlib\google\zip.cc:183] Skipped ZIP entry 'browser/images/LocalizedFte/pt_BR/'
[22072:21688:0526/101137.653:VERBOSE1:third_party\zlib\google\zip.cc:183] Skipped ZIP entry 'browser/images/LocalizedFte/ja/'
[22072:21688:0526/101137.653:VERBOSE1:third_party\zlib\google\zip.cc:183] Skipped ZIP entry 'browser/images/LocalizedFte/de/'
[22072:21688:0526/101137.654:VERBOSE1:third_party\zlib\google\zip.cc:183] Skipped ZIP entry 'browser/images/LocalizedFte/ko/'
[22072:21688:0526/101137.654:VERBOSE1:third_party\zlib\google\zip.cc:183] Skipped ZIP entry 'browser/images/LocalizedFte/fr/'
[22072:21688:0526/101137.654:VERBOSE1:third_party\zlib\google\zip.cc:183] Skipped ZIP entry 'browser/images/LocalizedFte/es/'
[22072:21688:0526/101137.656:VERBOSE1:third_party\zlib\google\zip.cc:183] Skipped ZIP entry 'browser/images/LocalizedSummaryFte/en_US/'
[22072:21688:0526/101137.656:VERBOSE1:third_party\zlib\google\zip.cc:183] Skipped ZIP entry 'browser/images/LocalizedSummaryFte/pt_BR/'
[22072:21688:0526/101137.657:VERBOSE1:third_party\zlib\google\zip.cc:183] Skipped ZIP entry 'browser/images/LocalizedSummaryFte/ja/'
[22072:21688:0526/101137.657:VERBOSE1:third_party\zlib\google\zip.cc:183] Skipped ZIP entry 'browser/images/LocalizedSummaryFte/de/'
[22072:21688:0526/101137.657:VERBOSE1:third_party\zlib\google\zip.cc:183] Skipped ZIP entry 'browser/images/LocalizedSummaryFte/fr/'
[22072:21688:0526/101137.658:VERBOSE1:third_party\zlib\google\zip.cc:183] Skipped ZIP entry 'browser/images/Error/B_Illu_Acrobat_n_connections_160x160px.svg'
[22072:21688:0526/101137.658:VERBOSE1:third_party\zlib\google\zip.cc:183] Skipped ZIP entry 'browser/images/Error/B_Illu_Acrobat_n_connections_D_160x160px.svg'
[22072:21688:0526/101137.659:VERBOSE1:third_party\zlib\google\zip.cc:183] Skipped ZIP entry 'browser/js/offscreen/offscreen.html'
[22072:21688:0526/101137.659:VERBOSE1:third_party\zlib\google\zip.cc:183] Skipped ZIP entry 'browser/js/offscreen/offscreenTaskManager.js'
[22072:21688:0526/101137.659:VERBOSE1:third_party\zlib\google\zip.cc:183] Skipped ZIP entry 'browser/js/offscreen/sidePanelCSSSRService.js'
[22072:21688:0526/101137.659:VERBOSE1:third_party\zlib\google\zip.cc:183] Skipped ZIP entry 'browser/js/offscreen/offscrenUtil.js'
[22072:21688:0526/101137.660:VERBOSE1:third_party\zlib\google\zip.cc:183] Skipped ZIP entry 'browser/js/offscreen/Mutex.js'
[22072:21688:0526/101137.660:VERBOSE1:third_party\zlib\google\zip.cc:183] Skipped ZIP entry 'browser/js/offscreen/offscreen.js'
[22072:21688:0526/101137.660:VERBOSE1:third_party\zlib\google\zip.cc:183] Skipped ZIP entry 'browser/js/offscreen/offscreenRemoteExecutionHandler.js'
[22072:21688:0526/101137.661:VERBOSE1:third_party\zlib\google\zip.cc:183] Skipped ZIP entry 'browser/js/preferences/condition-evaluator.js'
[22072:21688:0526/101137.661:VERBOSE1:third_party\zlib\google\zip.cc:183] Skipped ZIP entry 'browser/js/preferences/default-value-evaluator.js'
[22072:21688:0526/101137.662:VERBOSE1:third_party\zlib\google\zip.cc:183] Skipped ZIP entry 'browser/js/preferences/state-manager.js'
[22072:21688:0526/101137.662:VERBOSE1:third_party\zlib\google\zip.cc:183] Skipped ZIP entry 'browser/js/preferences/config-loader.js'
[22072:21688:0526/101137.662:VERBOSE1:third_party\zlib\google\zip.cc:183] Skipped ZIP entry 'browser/js/preferences/preference-utils.js'
[22072:21688:0526/101137.662:VERBOSE1:third_party\zlib\google\zip.cc:183] Skipped ZIP entry 'browser/js/local-file/local-file-blocking-page.js'
[22072:21688:0526/101137.663:VERBOSE1:third_party\zlib\google\zip.cc:183] Skipped ZIP entry 'browser/js/local-file/local-file-prompt.html'
[22072:21688:0526/101137.663:VERBOSE1:third_party\zlib\google\zip.cc:183] Skipped ZIP entry 'browser/js/local-file/local-file-blocking-page.html'
[22072:21688:0526/101137.663:VERBOSE1:third_party\zlib\google\zip.cc:183] Skipped ZIP entry 'browser/js/local-file/local-file-prompt.js'
[22072:21688:0526/101137.663:VERBOSE1:third_party\zlib\google\zip.cc:183] Skipped ZIP entry 'browser/js/viewer/DirectVerb.js'
[22072:21688:0526/101137.663:VERBOSE1:third_party\zlib\google\zip.cc:183] Skipped ZIP entry 'browser/js/viewer/signInAdobeYolo.html'
[22072:21688:0526/101137.664:VERBOSE1:third_party\zlib\google\zip.cc:183] Skipped ZIP entry 'browser/js/viewer/signInUtils.js'
[22072:21688:0526/101137.664:VERBOSE1:third_party\zlib\google\zip.cc:183] Skipped ZIP entry 'browser/js/viewer/trefoilLoader.js'
[22072:21688:0526/101137.665:VERBOSE1:third_party\zlib\google\zip.cc:183] Skipped ZIP entry 'browser/js/viewer/signInAdobeYolo.js'
[22072:21688:0526/101137.665:VERBOSE1:third_party\zlib\google\zip.cc:183] Skipped ZIP entry 'browser/js/viewer/pdfFetchRetry.js'
[22072:21688:0526/101137.665:VERBOSE1:third_party\zlib\google\zip.cc:183] Skipped ZIP entry 'browser/js/viewer/fileUtil.js'
[22072:21688:0526/101137.666:VERBOSE1:third_party\zlib\google\zip.cc:183] Skipped ZIP entry 'browser/js/viewer/localFileSignInRedirection.html'
[22072:21688:0526/101137.666:VERBOSE1:third_party\zlib\google\zip.cc:183] Skipped ZIP entry 'browser/js/viewer/iframeUrlParamsAllowlist.js'
[22072:21688:0526/101137.666:VERBOSE1:third_party\zlib\google\zip.cc:183] Skipped ZIP entry 'browser/js/viewer/gmailEmailToPDF.js'
[22072:21688:0526/101137.667:VERBOSE1:third_party\zlib\google\zip.cc:183] Skipped ZIP entry 'browser/js/viewer/ResponseHeaders.js'
[22072:21688:0526/101137.667:VERBOSE1:third_party\zlib\google\zip.cc:183] Skipped ZIP entry 'browser/js/viewer/session-expired-error.js'
[22072:21688:0526/101137.667:VERBOSE1:third_party\zlib\google\zip.cc:183] Skipped ZIP entry 'browser/js/viewer/index.js'
[22072:21688:0526/101137.668:VERBOSE1:third_party\zlib\google\zip.cc:183] Skipped ZIP entry 'browser/js/viewer/LruUtil.js'
[22072:21688:0526/101137.668:VERBOSE1:third_party\zlib\google\zip.cc:183] Skipped ZIP entry 'browser/js/viewer/localFileSignInRedirection.js'
[22072:21688:0526/101137.668:VERBOSE1:third_party\zlib\google\zip.cc:183] Skipped ZIP entry 'browser/js/viewer/viewer.html'
[22072:21688:0526/101137.669:VERBOSE1:third_party\zlib\google\zip.cc:183] Skipped ZIP entry 'browser/js/viewer/sessionExpired.html'
[22072:21688:0526/101137.669:VERBOSE1:third_party\zlib\google\zip.cc:183] Skipped ZIP entry 'browser/js/viewer/extension-detection.html'
[22072:21688:0526/101137.669:VERBOSE1:third_party\zlib\google\zip.cc:183] Skipped ZIP entry 'browser/js/viewer/signInHandler.html'
[22072:21688:0526/101137.670:VERBOSE1:third_party\zlib\google\zip.cc:183] Skipped ZIP entry 'browser/js/viewer/dnrUtils.js'
[22072:21688:0526/101137.670:VERBOSE1:third_party\zlib\google\zip.cc:183] Skipped ZIP entry 'browser/js/viewer/BookmarkUtils.js'
[22072:21688:0526/101137.671:VERBOSE1:third_party\zlib\google\zip.cc:183] Skipped ZIP entry 'browser/js/viewer/signInHandler.js'
[22072:21688:0526/101137.671:VERBOSE1:third_party\zlib\google\zip.cc:183] Skipped ZIP entry 'browser/js/viewer/urlParamCleanup.js'
[22072:21688:0526/101137.672:VERBOSE1:third_party\zlib\google\zip.cc:183] Skipped ZIP entry 'browser/js/viewer/whatsappUtil.js'
[22072:21688:0526/101137.672:VERBOSE1:third_party\zlib\google\zip.cc:183] Skipped ZIP entry 'content_scripts/express/fte/express-contextual-fte.js'
[22072:21688:0526/101137.672:VERBOSE1:third_party\zlib\google\zip.cc:183] Skipped ZIP entry 'content_scripts/express/gemini/gemini-express-fte.js'
[22072:21688:0526/101137.673:VERBOSE1:third_party\zlib\google\zip.cc:183] Skipped ZIP entry 'content_scripts/express/gemini/gemini-express-touchpoint-service.js'
[22072:21688:0526/101137.673:VERBOSE1:third_party\zlib\google\zip.cc:183] Skipped ZIP entry 'content_scripts/express/pinterest/pinterest-express-fte.js'
[22072:21688:0526/101137.673:VERBOSE1:third_party\zlib\google\zip.cc:183] Skipped ZIP entry 'content_scripts/express/pinterest/pinterest-content-script.js'
[22072:21688:0526/101137.674:VERBOSE1:third_party\zlib\google\zip.cc:183] Skipped ZIP entry 'content_scripts/express/google-chat/google-chat-content-script.js'
[22072:21688:0526/101137.674:VERBOSE1:third_party\zlib\google\zip.cc:183] Skipped ZIP entry 'content_scripts/express/google-chat/google-chat-express-fte.js'
[22072:21688:0526/101137.674:VERBOSE1:third_party\zlib\google\zip.cc:183] Skipped ZIP entry 'content_scripts/express/gdrive/gdrive-image-tools-dropdown-fte.js'
[22072:21688:0526/101137.674:VERBOSE1:third_party\zlib\google\zip.cc:183] Skipped ZIP entry 'content_scripts/express/gdrive/gdrive-express-fte.js'
[22072:21688:0526/101137.675:VERBOSE1:third_party\zlib\google\zip.cc:183] Skipped ZIP entry 'content_scripts/express/gdrive/image-gdrive-touchpoint-service.js'
[22072:21688:0526/101137.675:VERBOSE1:third_party\zlib\google\zip.cc:183] Skipped ZIP entry 'content_scripts/express/browser-image-viewer/browser-image-viewer-express-fte.js'
[22072:21688:0526/101137.675:VERBOSE1:third_party\zlib\google\zip.cc:183] Skipped ZIP entry 'content_scripts/express/browser-image-viewer/browser-image-viewer-content-script.js'
[22072:21688:0526/101137.676:VERBOSE1:third_party\zlib\google\zip.cc:183] Skipped ZIP entry 'content_scripts/express/facebook/facebook-content-script.js'
[22072:21688:0526/101137.677:VERBOSE1:third_party\zlib\google\zip.cc:183] Skipped ZIP entry 'content_scripts/express/google-image-preview/google-image-preview-express-fte.js'
[22072:21688:0526/101137.677:VERBOSE1:third_party\zlib\google\zip.cc:183] Skipped ZIP entry 'content_scripts/express/google-image-preview/google-image-preview-content-script.js'
[12656:840:0526/101137.677:VERBOSE1:chrome\browser\profiles\profile_manager.cc:1408] AddKeepAlive(Default, kExtensionUpdater). keep_alives=[kWaitingForFirstBrowserWindow (1), kOffTheRecordProfile (1), kExtensionUpdater (3)]
[22072:21688:0526/101137.677:VERBOSE1:third_party\zlib\google\zip.cc:183] Skipped ZIP entry 'content_scripts/express/express_chatgpt/chatgpt-content-script.js'
[23680:19256:0526/101137.677:VERBOSE1:net\base\network_delegate.cc:38] NetworkDelegate::NotifyBeforeURLRequest: https://clients2.googleusercontent.com/crx/blobs/AXJDbcA7-qvp7x7j_5QmmktTZ2YyNd3kU7eWGoNes-yTz0zj4fWyFlD-Vi_ngMpHdm_8woSV0_ojLaO96xzeFfVgoJD022kEWu-_knETVT9QF_3w4dY4DKgd6rElhsRelgcAxlKa5d02n9hxYZBm9sgkym3onVcyGxJJ/GHBMNNJOOEKPMOECNNNILNNBDLOLHKHI_1_106_1_0.crx
[22072:21688:0526/101137.677:VERBOSE1:third_party\zlib\google\zip.cc:183] Skipped ZIP entry 'content_scripts/express/express_chatgpt/chatgpt-express-fte.js'
[22072:21688:0526/101137.678:VERBOSE1:third_party\zlib\google\zip.cc:183] Skipped ZIP entry 'content_scripts/express/express_chatgpt/chatgpt-moderation.js'
[22072:21688:0526/101137.678:VERBOSE1:third_party\zlib\google\zip.cc:183] Skipped ZIP entry 'content_scripts/express/express_chatgpt/chatgpt-analytics.js'
[22072:21688:0526/101137.678:VERBOSE1:third_party\zlib\google\zip.cc:183] Skipped ZIP entry 'content_scripts/express/express_chatgpt/chatgpt-inject.js'
[22072:21688:0526/101137.679:VERBOSE1:third_party\zlib\google\zip.cc:183] Skipped ZIP entry 'content_scripts/express/express_whatsapp/whatsapp-image-preview.js'
[23680:19256:0526/101137.679:VERBOSE1:net\third_party\quiche\src\quiche\quic\core\tls_handshaker.cc:109] TlsClient: Continuing handshake
[22072:21688:0526/101137.679:VERBOSE1:third_party\zlib\google\zip.cc:183] Skipped ZIP entry 'content_scripts/express/express_whatsapp/whatsapp-content-script.js'
[22072:21688:0526/101137.679:VERBOSE1:third_party\zlib\google\zip.cc:183] Skipped ZIP entry 'content_scripts/express/express_whatsapp/whatsapp-image-on-hover.js'
[22072:21688:0526/101137.679:VERBOSE1:third_party\zlib\google\zip.cc:183] Skipped ZIP entry 'content_scripts/express/express_whatsapp/whatsapp-express-fte.js'
[22072:21688:0526/101137.680:VERBOSE1:third_party\zlib\google\zip.cc:183] Skipped ZIP entry 'content_scripts/express/gmail/gmail-express-fte.js'
[22072:21688:0526/101137.680:VERBOSE1:third_party\zlib\google\zip.cc:183] Skipped ZIP entry 'content_scripts/express/gmail/gmail-image-tools-dropdown-fte.js'
[22072:21688:0526/101137.680:VERBOSE1:third_party\zlib\google\zip.cc:183] Skipped ZIP entry 'content_scripts/express/gmail/express-gmail-message-view-touchpoint-service.js'
[22072:21688:0526/101137.681:VERBOSE1:third_party\zlib\google\zip.cc:183] Skipped ZIP entry 'content_scripts/express/gmail/image-gmail-touchpoint-service.js'
[22072:21688:0526/101137.681:VERBOSE1:third_party\zlib\google\zip.cc:183] Skipped ZIP entry 'content_scripts/express/outlook/outlook-express-fte.js'
[22072:21688:0526/101137.681:VERBOSE1:third_party\zlib\google\zip.cc:183] Skipped ZIP entry 'content_scripts/express/outlook/express-outlook-touchpoint-service.js'
[22072:21688:0526/101137.682:VERBOSE1:third_party\zlib\google\zip.cc:183] Skipped ZIP entry 'content_scripts/SidePanel/FloatingActionButton/utils/'
[22072:21688:0526/101137.682:VERBOSE1:third_party\zlib\google\zip.cc:183] Skipped ZIP entry 'content_scripts/SidePanel/FloatingActionButton/pillsConfig.js'
[22072:21688:0526/101137.682:VERBOSE1:third_party\zlib\google\zip.cc:183] Skipped ZIP entry 'content_scripts/SidePanel/FloatingActionButton/hooks/'
[22072:21688:0526/101137.683:VERBOSE1:third_party\zlib\google\zip.cc:183] Skipped ZIP entry 'content_scripts/SidePanel/FloatingActionButton/styles-inline.js'
[22072:21688:0526/101137.683:VERBOSE1:third_party\zlib\google\zip.cc:183] Skipped ZIP entry 'content_scripts/gdrive/fte/gdrive-convert-attachment-card-fte.js'
[22072:21688:0526/101137.683:VERBOSE1:third_party\zlib\google\zip.cc:183] Skipped ZIP entry 'content_scripts/gdocs/SheetsSettingModal/styles-inline.js'
[22072:21688:0526/101137.683:VERBOSE1:third_party\zlib\google\zip.cc:183] Skipped ZIP entry 'content_scripts/gmail/fte/gmail-email-pdf-fte.js'
[22072:21688:0526/101137.684:VERBOSE1:third_party\zlib\google\zip.cc:183] Skipped ZIP entry 'content_scripts/gmail/fte/gmail-convert-to-pdf-fte.js'
[22072:21688:0526/101137.684:VERBOSE1:third_party\zlib\google\zip.cc:183] Skipped ZIP entry 'content_scripts/gmail/fte/gmail-convert-attachment-card-fte.js'
[22072:21688:0526/101137.684:VERBOSE1:third_party\zlib\google\zip.cc:183] Skipped ZIP entry 'content_scripts/gmail/PdfToolsDropdown/styles-inline.js'
[22072:21688:0526/101137.684:VERBOSE1:third_party\zlib\google\zip.cc:183] Skipped ZIP entry 'content_scripts/gmail/CompressPDFMessageView/utils/'
[22072:21688:0526/101137.685:VERBOSE1:third_party\zlib\google\zip.cc:183] Skipped ZIP entry 'content_scripts/gmail/CompressPDFMessageView/styles-inline.js'
[22072:21688:0526/101137.685:VERBOSE1:third_party\zlib\google\zip.cc:183] Skipped ZIP entry 'browser/images/LocalizedFte/en_US/fte.svg'
[22072:21688:0526/101137.685:VERBOSE1:third_party\zlib\google\zip.cc:183] Skipped ZIP entry 'browser/images/LocalizedFte/en_US/fte_old.svg'
[22072:21688:0526/101137.686:VERBOSE1:third_party\zlib\google\zip.cc:183] Skipped ZIP entry 'browser/images/LocalizedFte/pt_BR/fte.svg'
[22072:21688:0526/101137.686:VERBOSE1:third_party\zlib\google\zip.cc:183] Skipped ZIP entry 'browser/images/LocalizedFte/pt_BR/fte_old.svg'
[22072:21688:0526/101137.687:VERBOSE1:third_party\zlib\google\zip.cc:183] Skipped ZIP entry 'browser/images/LocalizedFte/ja/fte.svg'
[22072:21688:0526/101137.687:VERBOSE1:third_party\zlib\google\zip.cc:183] Skipped ZIP entry 'browser/images/LocalizedFte/ja/fte_old.svg'
[22072:21688:0526/101137.688:VERBOSE1:third_party\zlib\google\zip.cc:183] Skipped ZIP entry 'browser/images/LocalizedFte/de/fte.svg'
[22072:21688:0526/101137.688:VERBOSE1:third_party\zlib\google\zip.cc:183] Skipped ZIP entry 'browser/images/LocalizedFte/de/fte_old.svg'
[22072:21688:0526/101137.689:VERBOSE1:third_party\zlib\google\zip.cc:183] Skipped ZIP entry 'browser/images/LocalizedFte/ko/fte_old.svg'
[22072:21688:0526/101137.689:VERBOSE1:third_party\zlib\google\zip.cc:183] Skipped ZIP entry 'browser/images/LocalizedFte/fr/fte.svg'
[22072:21688:0526/101137.690:VERBOSE1:third_party\zlib\google\zip.cc:183] Skipped ZIP entry 'browser/images/LocalizedFte/fr/fte_old.svg'
[22072:21688:0526/101137.690:VERBOSE1:third_party\zlib\google\zip.cc:183] Skipped ZIP entry 'browser/images/LocalizedFte/es/fte.svg'
[22072:21688:0526/101137.691:VERBOSE1:third_party\zlib\google\zip.cc:183] Skipped ZIP entry 'browser/images/LocalizedFte/es/fte_old.svg'
[22072:21688:0526/101137.692:VERBOSE1:third_party\zlib\google\zip.cc:183] Skipped ZIP entry 'browser/images/LocalizedSummaryFte/en_US/summary.mp4'
[22072:21688:0526/101137.692:VERBOSE1:third_party\zlib\google\zip.cc:183] Skipped ZIP entry 'browser/images/LocalizedSummaryFte/en_US/summary_nudge_local_file_access.mp4'
[22072:21688:0526/101137.692:VERBOSE1:third_party\zlib\google\zip.cc:183] Skipped ZIP entry 'browser/images/LocalizedSummaryFte/pt_BR/summary.mp4'
[22072:21688:0526/101137.692:VERBOSE1:third_party\zlib\google\zip.cc:183] Skipped ZIP entry 'browser/images/LocalizedSummaryFte/pt_BR/summary_nudge_local_file_access.mp4'
[22072:21688:0526/101137.693:VERBOSE1:third_party\zlib\google\zip.cc:183] Skipped ZIP entry 'browser/images/LocalizedSummaryFte/ja/summary.mp4'
[22072:21688:0526/101137.693:VERBOSE1:third_party\zlib\google\zip.cc:183] Skipped ZIP entry 'browser/images/LocalizedSummaryFte/ja/summary_nudge_local_file_access.mp4'
[22072:21688:0526/101137.693:VERBOSE1:third_party\zlib\google\zip.cc:183] Skipped ZIP entry 'browser/images/LocalizedSummaryFte/de/summary.mp4'
[22072:21688:0526/101137.693:VERBOSE1:third_party\zlib\google\zip.cc:183] Skipped ZIP entry 'browser/images/LocalizedSummaryFte/de/summary_nudge_local_file_access.mp4'
[22072:21688:0526/101137.694:VERBOSE1:third_party\zlib\google\zip.cc:183] Skipped ZIP entry 'browser/images/LocalizedSummaryFte/fr/summary.mp4'
[22072:21688:0526/101137.694:VERBOSE1:third_party\zlib\google\zip.cc:183] Skipped ZIP entry 'browser/images/LocalizedSummaryFte/fr/summary_nudge_local_file_access.mp4'
[22072:21688:0526/101137.694:VERBOSE1:third_party\zlib\google\zip.cc:183] Skipped ZIP entry 'content_scripts/SidePanel/FloatingActionButton/utils/fabUtils.js'
[22072:21688:0526/101137.694:VERBOSE1:third_party\zlib\google\zip.cc:183] Skipped ZIP entry 'content_scripts/SidePanel/FloatingActionButton/utils/fabSettingsUtils.js'
[22072:21688:0526/101137.695:VERBOSE1:third_party\zlib\google\zip.cc:183] Skipped ZIP entry 'content_scripts/SidePanel/FloatingActionButton/hooks/useFABCustomization.js'
[22072:21688:0526/101137.695:VERBOSE1:third_party\zlib\google\zip.cc:183] Skipped ZIP entry 'content_scripts/SidePanel/FloatingActionButton/hooks/useTranslation.js'
[22072:21688:0526/101137.695:VERBOSE1:third_party\zlib\google\zip.cc:183] Skipped ZIP entry 'content_scripts/SidePanel/FloatingActionButton/hooks/useFABDrag.js'
[22072:21688:0526/101137.695:VERBOSE1:third_party\zlib\google\zip.cc:183] Skipped ZIP entry 'content_scripts/SidePanel/FloatingActionButton/hooks/useFABPillsFTE.js'
[22072:21688:0526/101137.695:VERBOSE1:third_party\zlib\google\zip.cc:183] Skipped ZIP entry 'content_scripts/SidePanel/FloatingActionButton/hooks/useFABPositioning.js'
[22072:21688:0526/101137.696:VERBOSE1:third_party\zlib\google\zip.cc:183] Skipped ZIP entry 'content_scripts/SidePanel/FloatingActionButton/hooks/usePillsPositioning.js'
[22072:21688:0526/101137.696:VERBOSE1:third_party\zlib\google\zip.cc:183] Skipped ZIP entry 'content_scripts/SidePanel/FloatingActionButton/hooks/usePillsHover.js'
[22072:21688:0526/101137.696:VERBOSE1:third_party\zlib\google\zip.cc:183] Skipped ZIP entry 'content_scripts/gmail/CompressPDFMessageView/utils/compressPDFUtils.js'
[22072:21688:0526/101137.696:VERBOSE1:third_party\zlib\google\zip.cc:183] Skipped ZIP entry '_metadata/'
[22072:21688:0526/101137.696:VERBOSE1:third_party\zlib\google\zip.cc:183] Skipped ZIP entry '_metadata/verified_contents.json'
[23680:19256:0526/101137.711:VERBOSE1:net\third_party\quiche\src\quiche\quic\core\tls_handshaker.cc:109] TlsClient: Continuing handshake
[23680:19256:0526/101137.711:VERBOSE1:net\third_party\quiche\src\quiche\quic\core\tls_handshaker.cc:109] TlsClient: Continuing handshake
[23680:19256:0526/101137.712:VERBOSE1:net\third_party\quiche\src\quiche\quic\core\tls_handshaker.cc:109] TlsClient: Continuing handshake
[23680:19256:0526/101137.712:VERBOSE1:net\third_party\quiche\src\quiche\quic\core\tls_handshaker.cc:109] TlsClient: Continuing handshake
[23680:19256:0526/101137.712:VERBOSE1:net\third_party\quiche\src\quiche\quic\core\tls_handshaker.cc:109] TlsClient: Continuing handshake
[12656:840:0526/101137.721:VERBOSE1:chrome\browser\profiles\profile_manager.cc:1408] AddKeepAlive(Default, kExtensionUpdater). keep_alives=[kWaitingForFirstBrowserWindow (1), kOffTheRecordProfile (1), kExtensionUpdater (4)]
[23680:19256:0526/101137.742:VERBOSE1:net\third_party\quiche\src\quiche\quic\core\tls_handshaker.cc:109] TlsClient: Continuing handshake
[6776:18524:0526/101137.779:VERBOSE1:third_party\zlib\google\zip.cc:183] Skipped ZIP entry 'manifest.json'
